skuErp;skuSite;descricao
10007;10007-001-U;Puxador Sobrepor Pv22 128mm Dourado - Torralba - 128MM
10008;10008-001-U;Puxador Alça Elemento P Dourado - Zen Design - P
10012;10012-001-U;Puxador Alça Ken 32MM Dourado - Zen Design - 32MM
10014;10014-001-U;Puxador Sobrepor Pv22 32mm Dourado - Torralba - 32MM
10016;10016-001-U;Puxador Ponto Hund Couro Preto Cromado - Torralba - Ponto
10018;10018-001-U;Puxador Ponto Hund Couro Marrom Niquel Escovado - Torralba - Ponto
10021;10021-001-U;Puxador Ponto Beetle Com Base Granada Rose - Zen Design - Ponto
10022;10022-001-U;Puxador Sobrepor Citizen G Reto Preto - Zen Design - G
10025;10025-001-U;Puxador Ponto Hund Couro Preto Niquel Escovado - Torralba - Ponto
10027;10027-001-U;Puxador Ponto Hund Couro Cobre Níquel Escovado - Torralba - Ponto
10030;10030-001-U;Puxador Ponto Cup Bronze - Zen Design - Ponto
10038;10038-001-U;Puxador Alça Ken 416mm Preto - Zen Design - 416MM
10042;10042-001-U;Puxador Ponto Sheer Preto - Zen Design - Ponto
10043;10043-001-U;Puxador Concha Grenade 64mm 1753 Preto Fosco - Torralba - 64MM
10044;10044-001-U;Puxador Sobrepor Pv14 160MM Dourado - Torralba - 160MM
10045;10045-001-U;Puxador Alça Oriente 448mm Couro Marrom Cromado - Zen Design - 448MM
10046;10046-001-U;Puxador Ponto Terra 45MM Gold Opaco - Jador - Ponto
10047;10047-001-U;Puxador Alça Grenade 64mm Preto Fosco - Torralba - 64MM
10048;10048-001-U;Puxador Alça Sorento Liso 96MM Bronze - Zen Design - 96MM
10058;10058-001-U;Puxador Ponto Acqua 38x38 Cromado - Zen Design - Ponto
10059;10059-001-U;Puxador Ponto Orion 33x20MM Cromo Escovado - Zen Design - 33X20MM
10064;10064-001-U;Puxador Alça  Archive 128MM Cromado - Zen Design - 128MM
10085;10085-001-U;Puxador Alça Oeiras 128mm Dourado - Torralba - 128MM
10086;10086-001-U;Puxador Ponto Disk P Cromo - Zen Design - P
10087;10087-001-U;Puxador Alça Ken 192mm Cromo - Zen Design - 192MM
10088;10088-001-U;Puxador Alça Ken 320mm Cromo - Zen Design - 320MM
10091;10091-001-U;Puxador Alça Montero 192mm Dourado - Torralba - 192MM
10092;10092-001-U;Puxador Concha Plymouth Cromado - Zen Design - 80MM
10095;10095-001-U;Puxador Ponto Radio G Cromo - Zen Design - G
10096;10096-001-U;Puxador Ponto Radio M Cromo - Zen Design - M
10097;10097-001-U;Puxador Ponto Radio P Cromo Com Base - Zen Design - P
10100;10100-001-U;Puxador Concha Shell 64mm Cromo - Zen Design - 64MM
10102;10102-001-U;Puxador Alça Piaui 352mm Preto Fosco - Torralba - 352MM
10106;10106-001-U;Puxador Alça Oeiras 128mm Preto Fosco - Torralba - 128MM
10107;10107-001-U;Puxador Ponto Bali Granado Níquel Velho - Zen Design - Ponto
10108;10108-001-U;Puxador Ponto Dharma 48MM Dourado - Zen Design - Ponto
10109;10109-001-U;Puxador Sobrepor Citizen 45 Graus G Bronze - Zen Design - G
10115;10115-001-U;Puxador Ponto Ball di Cristallo 20MM Cromado - Jador - Ponto
10116;10116-001-U;Puxador Ponto Avelã G Preto Fosco - Torralba - G
10125;10125-001-U;Puxador Alça Manico di Cotello Gold Escovado - Zen Design - 160MM
10132;10132-001-U;Puxador Concha Shell 64mm Dourado - Zen Design - 64MM
10134;10134-001-U;Puxador Ponto Cup Níquel Velho - Zen Design - Ponto
10137;10137-001-U;Puxador Alça Santa Fé Cruzado 128MM Dourado - Zen Design - 128MM
10138;10138-001-U;Puxador Alça Santa Fé Cruzado 192MM Dourado - Zen Design - 192MM
10140;10140-001-U;Puxador Alça Santa Fé Cruzado 320MM Dourado - Zen Design - 320MM
10142;10142-001-U;Puxador Ponto Soft  P Preto Fosco - Torralba - P
10144;10144-001-U;Puxador Ponto Radio Mini Gold - Zen Design - MINI
10149;10149-001-U;Puxador Ponto Beetle Com Base Granada Gold - Zen Design - Ponto
10153;10153-001-U;Puxador Concha Plymouth Gold Escovado - Zen Design - 80MM
10155;10155-001-U;Puxador Para Portas Amalfi Duplo 400MM Dourado -Torralba - Único
10156;10156-001-U;Puxador Alça Estrela 384MM Gold Opaco - Jador - 384MM
10159;10159-001-U;Puxador Alça Montero 256mm Preto Fosco - Torralba - 256MM
10165;10165-001-U;Puxador Ponto Disk G Cromo - Zen Design - Ponto
10168;10168-001-U;Puxador Pra Portas Amalfi Duplo 300mm Dourado -Torralba - Único
10169;10169-001-U;Puxador Ponto Mini Afro Dourado - Zen Design - MINI
10177;10177-001-U;Puxador Ponto Afro Dourado - Zen Design - Ponto
10179;10179-001-U;Puxador Sobrepor Pv18 32MM Dourado - Torralba - 32MM
10180;10180-001-U;Puxador Embutir Dietro Branco -Zen Design - Único
10181;10181-001-U;Puxador Alça Elemento P Gold Escovado - Zen Design - P
10182;10182-001-U;Puxador Alça Grenade 128mm Preto Fosco - Torralba - 128MM
10183;10183-001-U;Puxador Ponto Sorento Liso Dourado - Zen - Ponto
10184;10184-001-U;Puxador Alça Sorento Granado 320mm Dourado - Zen Design - 320MM
10188;10188-001-U;Puxador Ponto Cup Gold - Zen Design - Ponto
10190;10190-001-U;Puxador Alça Ken 128mm Cromo - Zen Design - 128MM
10191;10191-001-U;Puxador Alça Nord 160MM Gold - Zen Design - 160MM
10193;10193-001-U;Puxador Ponto Orion 55x27MM Gold - Zen Design - 55X27MM
10194;10194-001-U;Puxador Concha Shell 64mm Gold - Zen Design - 64MM
10195;10195-001-U;Puxador Ponto Radio P Gold Com Base - Zen Design - P
10196;10196-001-U;Puxador Alça Sorento Liso 320mm Gold - Zen Design - 320MM
10201;10201-001-U;Puxador Alça Creta 64MM Gold Escovado - Zen Design - 64MM
10202;10202-001-U;Puxador Concha Aniela 64mm Preto Fosco - Torralba - 64MM
10205;10205-001-U;Puxador Ponto Jalapa Redondo P Preto Fosco - Torralba - P
10207;10207-001-U;Puxador Ponto Disk G Gold Escovado - Zen Design - G
10209;10209-001-U;Puxador Alça Piaui 128mm Cromado - Torralba - 128MM
10213;10213-001-U;Puxador Alça Montero 256mm Dourado - Torralba - 256MM
10214;10214-001-U;Puxador Alça Ken Granado 128mm Gold Escovado - Zen Design - 128MM
10222;10222-001-U;Puxador Sobrepor Pv14 Preto Fosco - Torralba - 160MM
10223;10223-001-U;Puxador Ponto Radio M Gold - Zen Design - M
10224;10224-001-U;Puxador Alça Sorento Liso 320MM Cromado - Zen Design - 320MM
10227;10227-001-U;Puxador Sobrepor Pv18 Preto Fosco - Torralba - 32MM
10228;10228-001-U;Puxador Sobrepor Pv22 32mm Preto Fosco - Torralba - 32MM
10230;10230-001-U;Puxador Alça Ken Granado 320mm Gold Escovado - Zen Design - 320MM
10231;10231-001-U;Puxador Concha Plymouth Rose Escovado - Zen Design - 80MM
10232;10232-001-U;Puxador Alça Ken Granado 192mm Gold Escovado - Zen Design - 192MM
10233;10233-001-U;Puxador Alça Nord 160MM Gold Escovado - Zen Design - 160MM
10234;10234-001-U;Puxador Ponto Radio P Dourado Com Base - Zen Design - P
10235;10235-001-U;Puxador Ponto Orion 55x27MM Gold Escovado - Zen Design - 55X27MM
10240;10240-001-U;Puxador Alça Versalhes 320MM Dourado Matte - Zen Design - 320MM
10241;10241-001-U;Puxador Ponto Fune Couro Marrom Branco - Zen Design - Ponto
10245;10245-001-U;Puxador Sobrepor Pv33 160mm Dourado - Torralba - 160MM
10248;10248-001-U;Puxador Alça Phenix 320MM Gold - Zen Design - 320MM
10254;10254-001-U;Puxador Concha Shell 64mm Níquel Escovado - Zen Design - 64MM
10259;10259-001-U;Puxador Ponto Radio G Gold Escovado - Zen Design - G
10260;10260-001-U;Puxador Sobrepor Pv33 64mm Preto Fosco - Torralba - 64MM
10263;10263-001-U;Puxador Ponto Grenade 1764 Níquel Escovado - Torralba - Ponto
10267;10267-001-U;Puxador Ponto Cup Gold Escovado - Zen Design - Ponto
10275;10275-001-U;Puxador Ponto Radio P Gold Escovado Com Base - Zen Design - P
10279;10279-001-U;Puxador Ponto Bali Granado Dourado Zen Design - Ponto
10284;10284-001-U;Puxador Concha Sirius 32mm Preto - Zen Design - Único
10285;10285-001-U;Puxador Ponto Beetle Com Base Granada Dourado - Zen Design - Ponto
10286;10286-001-U;Puxador Ponto Beetle com Base Granada Branco - Zen Design - Ponto
10289;10289-001-U;Puxador Sobrepor Citizen 45 Graus G Preto - Zen Design - G
10290;10290-001-U;Puxador Concha Eden 64mm Níquel Escovado - Torralba - 64MM
10293;10293-001-U;Puxador Alça Ken 192mm Gold - Zen Design - 192MM
10294;10294-001-U;Puxador Sobrepor Citizen 45 Graus G Dourado - Zen Design - G
10298;10298-001-U;Puxador Ponto Orion 33x20MM Gold - Zen Design - 33X20MM
10300;10300-001-U;Puxador Ponto Cereja 38mm Gold Opaco - Jador - Ponto
10302;10302-001-U;Puxador Ponto Disk P Dourado - Zen Design - P
10308;10308-001-U;Puxador Ponto Disk G Níquel Escovado - Zen Design - G
10312;10312-001-U;Puxador Ponto Disk P Gold - Zen Design - P
10314;10314-001-U;Puxador Ponto Orion 33x20MM Preto - Zen Design - 33X20MM
10318;10318-001-U;Puxador Ponto Orion 33x20MM Gold Escovado - Zen Design - 33X20MM
10323;10323-001-U;Puxador Alça Ken 128MM Branco - Zen Design - 128MM
10326;10326-001-U;Puxador Alça Nord Granado 160MM Dourado - Zen Design - 160MM
10329;10329-001-U;Puxador Alça Nord Granado 160MM Gold - Zen Design - 160MM
10340;10340-001-U;Puxador Alça Sorento Granado 320mm Preto - Zen Design - 320MM
10355;10355-001-U;Puxador Alça Estrela 384mm Preto Opaco - Jador - 384MM
10356;10356-001-U;Puxador Alça Traso 128MM Preto - Zen Design - 128MM
10361;10361-001-U;Puxador Concha Shell 48mm Rose Escovado - Zen Design - 48MM
10372;10372-001-U;Puxador Ponto Radio M Níquel Escovado - Zen Design - M
10373;10373-001-U;Puxador Concha Sirius 32MM Gold Escovado - Zen Design - Único
10374;10374-001-U;Puxador Ponto Orion 55x27MM Níquel Escovado - Zen Design - 55X27MM
10375;10375-001-U;Puxador Ponto Orion 33x20MM Níquel Escovado - Zen Design - 33X20MM
10378;10378-001-U;Puxador Alça Creta 192MM Cromado - Zen Design - 192MM
10380;10380-001-U;Puxador Alça Sorento Liso 96mm Dourado - Zen Design - 96MM
10397;10397-001-U;Puxador Alça Ken 192mm Níquel Escovado - Zen Design - 192MM
10398;10398-001-U;Puxador Ponto Radio Mini Níquel Escovado - Zen Design - MINI
10404;10404-001-U;Puxador Alça Ken 128mm Níquel Escovado - Zen Design - 128MM
10425;10425-001-U;Puxador Ponto Flex Gold Escovado - Zen Design - Ponto
10435;10435-001-U;Puxador Ponto Acqua 60x60 Cromado - Zen Design - Ponto
10437;10437-001-U;Puxador Concha Shell 64mm Gold Escovado - Zen Design - 64MM
10439;10439-001-U;Puxador Ponto Fune Couro Marrom Vecchio Cobre - Zen Design - Ponto
10447;10447-001-U;Puxador Alça Elemento G Preto - Zen Design - G
10458;10458-001-U;Puxador Ponto Fune Couro Marrom Preto - Zen Design - Ponto
10469;10469-001-U;Puxador Ponto Radio G Niquel Escovado - Zen Design - G
10471;10471-001-U;Puxador Ponto Radio P Níquel Escovado Com Base - Zen Design - P
10473;10473-001-U;Puxador Concha Plymouth Gold - Zen Design - 80MM
10477;10477-001-U;Puxador Alça Sorento Liso 320mm Níquel Escovado - Zen Design - 320MM
10479;10479-001-U;Puxador Alça Phenix 320MM Dourado - Zen Design - 320MM
10486;10486-001-U;Puxador Ponto Beetle Com Base Granada Níquel Velho - Zen Design - Ponto
10487;10487-001-U;Puxador de Sobrepor Citizen 45 Graus G Níquel Velho - Zen Design - G
10494;10494-001-U;Puxador Ponto Disk G Níquel Velho - Zen Design - G
10495;10495-001-U;Puxador Ponto Disk P Níquel Velho - Zen Design - PONTO
10499;10499-001-U;Puxador Alça Ken Granado 192mm Níquel Velho - Zen Design - 192MM
10504;10504-001-U;Puxador Alça Ken Granado 320mm Níquel Velho - Zen Design - 320MM
10512;10512-001-U;Puxador Ponto Dharma 32MM Preto - Zen Design - Ponto
10520;10520-001-U;Puxador Concha Vivaro 222 22540 Concha 96mm Escovado - Italyline - 96MM
10522;10522-001-U;Puxador Concha Vivaro 222 22538 Concha 96mm Dourado - Italyline - 96MM
10523;10523-001-U;Puxador Alça Sorento Granado 320mm Gold Escovado - Zen Design - 320MM
10526;10526-001-U;Puxador Ponto Sinnai il808 30MM Ponto Dourado Fosco - Italyline - 30MM
10535;10535-001-U;Puxador Alça Sorento Granado 96mm Gold Escovado - Zen Design - 96MM
10538;10538-001-U;Puxador Ponto Dharma 48MM Cromado - Zen Design - Ponto
10539;10539-001-U;Puxador Alça Sorento Granado 224mm Gold Escovado - Zen Design - 224MM
10543;10543-001-U;Puxador Ponto Zigrinato il1580 25x25  Escovado - Italyline - Ponto
10551;10551-001-U;Puxador Alça Piaui 128mm Dourado - Torralba - 128MM
10553;10553-001-U;Puxador Alça Phenix 64MM Gold Escovado - Zen Design - 64MM
10556;10556-001-U;Puxador Alça Traso 32mm Dourado - Zen Design - 32MM
10558;10558-001-U;Puxador Alça Piaui 224mm Preto Fosco - Torralba - 224MM
10563;10563-001-U;Puxador Concha Shell 48mm Gold Escovado - Zen Design - 48MM
10566;10566-001-U;Puxador Ponto Bali Granado Preto - Zen Design - Ponto
10567;10567-001-U;Puxador Concha Plymouth Dourado - Zen Design - 80MM
10572;10572-001-U;Puxador Sobrepor Citizen 45 Graus G Branco - Zen Design - G
10573;10573-001-U;Puxador Concha Shell 64mm Branco - Zen Design - 64MM
10574;10574-001-U;Puxador Alça Arezzo 416mm Dourado - Torralba - 416MM
10575;10575-001-U;Puxador Sobrepor Citizen G Reto Dourado - Zen Design - G
10585;10585-001-U;Puxador Alça Elemento G Dourado - Zen Design - G
10591;10591-001-U;Puxador Alça Sorento Liso 224MM Cromado - Zen Design - 224MM
10593;10593-001-U;Puxador Alça Oeiras 256mm Preto Fosco - Torralba - 256MM
10595;10595-001-U;Puxador Sobrepor Citizen 45 Graus G Níquel Escovado - Zen Design - G
10596;10596-001-U;Puxador Sobrepor Citizen 45 Graus G Gold Escovado - Zen Design - G
10605;10605-001-U;Puxador Concha Shell 64mm Níquel Velho - Zen Design - 64MM
10609;10609-001-U;Puxador Concha Shell 64mm Vecchio Cobre - Zen Design - 64MM
10613;10613-001-U;Puxador Concha Plymouth Vecchio Cobre - Zen Design - 80MM
10614;10614-001-U;Puxador Sobrepor Atenas 300mm Dourado - Torralba - 300MM
10617;10617-001-U;Puxador Soft  M Preto Fosco - Torralba - Único
10618;10618-001-U;Puxador Ponto Flex  Dourado - Zen Design - Ponto
10620;10620-001-U;Puxador Ponto Orion 33x20MM Branco - Zen Design - 33X20MM
10623;10623-001-U;Puxador Ponto Beetle Vecchio Cobre - Zen Design - Ponto
10632;10632-001-U;Puxador Alça Arezzo 160mm Dourado - Torralba - 160MM
10635;10635-001-U;Puxador Concha Pipe Simétrico Dourado Matte - Zen Design - 120MM
10637;10637-001-U;Puxador Ponto Beetle Cromado - Zen Design - Ponto
10641;10641-001-U;Puxador Concha Sirius 48mm Gold - Zen Design - Único
10648;10648-001-U;Puxador Concha Eden 1791 64mm Bronze - Torralba - Único
10650;10650-001-U;Puxador Ponto Tucson 201 Bronze - Torralba - G
10658;10658-001-U;Puxador Ponto Disk G Preto - Zen Design - G
10662;10662-001-U;Puxador Ponto Disk P Preto - Zen Design - P
10665;10665-001-U;Puxador Concha Sirius 32mm Níquel Escovado - Zen Design - Único
10669;10669-001-U;Puxador Ponto Orion 55x27MM Preto - Zen Design - 55X27MM
10688;10688-001-U;Puxador Ponto Radio G Preto - Zen Design - G
10694;10694-001-U;Puxador Ponto Radio M Preto - Zen Design - M
10699;10699-001-U;Puxador Ponto Radio P Preto Com Base - Zen Design - P
10701;10701-001-U;Puxador Alça Santa Fé Cruzado 128MM Preto - Zen Design - 128MM
10702;10702-001-U;Puxador Alça Sorento Liso 224mm Níquel Escovado - Zen Design - 224MM
10703;10703-001-U;Puxador Alça Santa Fé Cruzado 192MM Preto - Zen Design - 192MM
10706;10706-001-U;Puxador Alça Oeiras 1693 256MM Niquel Escovado -Torralba - Único
10707;10707-001-U;Puxador Alça Santa Fé Cruzado 320MM Preto - Zen Design - 320MM
10709;10709-001-U;Puxador Alça Sorento Liso 96mm Preto - Zen Design - 96MM
10713;10713-001-U;Puxador Ponto Dharma 32MM Dourado - Zen Design - Ponto
10715;10715-001-U;Puxador Alça Sorento Liso 224mm Preto - Zen Design - 224MM
10718;10718-001-U;Puxador Ponto Naico 206 Niquel Escovado -Torralba - Único
10720;10720-001-U;Puxador Alça Sorento Granado 224mm Preto - Zen Design - 224MM
10724;10724-001-U;Puxador Alça Piaui 352mm Cromado - Torralba - 352MM
10725;10725-001-U;Puxador Ponto Beetle Com Base Granada Vecchio Cobre - Zen Design - Ponto
10727;10727-001-U;Puxador Concha Plymouth Rose - Zen Design - 80MM
10728;10728-001-U;Puxador Concha Shell Rose - Zen Design - 64MM
10737;10737-001-U;Puxador Sobrepor Citizen Reto P Preto - Zen Design - P
10743;10743-001-U;Puxador Alça Versalhes 160MM Dourado Matte - Zen Design - 160MM
10744;10744-001-U;Puxador Sobrepor Citizen Reto P Dourado -Zen Design - Único
10749;10749-001-U;Puxador Alça Arezzo 224mm Dourado - Torralba - 224MM
10753;10753-001-U;Puxador Alça Grenade 64mm Dourado - Torralba - 64MM
10756;10756-001-U;Puxador Ponto Orion 55x27MM Cromo - Zen Design - 55X27MM
10757;10757-001-U;Puxador Alça Ken 416mm Dourado - Zen Design - 416MM
10765;10765-001-U;Puxador Alça Piaui 224mm Cromado - Torralba - 224MM
10767;10767-001-U;Puxador Ponto Arco Íris 50MM  Gold Opaco - Jador - Ponto
10774;10774-001-U;Puxador Alça Sorento Granado 320mm Níquel Velho - Zen Design - 320MM
10778;10778-001-U;Puxador Concha Shell 64mm Rose Escovado - Zen Design - 64MM
10783;10783-001-U;Puxador Concha Shell 64mm Escovado - Zen Design - 64MM
10789;10789-001-U;Puxador Alça Tecno 128MM Dourado Matte - Zen Design - 128MM
10791;10791-001-U;Puxador Ponto Fune Couro Marrom Dourado - Zen Design - Ponto
10793;10793-001-U;Puxador Embutir Udine Preto - Zen Design - Único
10795;10795-001-U;Puxador Ponto Avelã P Dourado - Torralba - P
10797;10797-001-U;Puxador Ponto Fune Couro Marrom Cromado - Zen Design - Ponto
10803;10803-001-U;Puxador Ponto Avelã G Dourado - Torralba - G
10806;10806-001-U;Puxador Ponto Soft  P Dourado - Torralba - P
10827;10827-001-U;Puxador Concha Pipe Simétrico Gold - Zen Design - 120MM
10830;10830-001-U;Puxador Alça Curvo Obietto 320mm Cromado - 320MM
10840;10840-001-U;Puxador Alça Curvo Obietto 320mm Níquel Escovado - 320MM
10849;10849-001-U;Puxador Alça Oriente 224mm Couro Marrom Vecchio Metallo - Zen Design - 224MM
10852;10852-001-U;Puxador Ponto Oriente Couro Marrom Cromado - Zen Design - Ponto
10863;10863-001-U;Puxador Alça Phenix 320MM Gold Escovado - Zen Design - 320MM
10870;10870-001-U;Puxador Alça Ken 320MM Gold Escovado - Zen Design - 320MM
10873;10873-001-U;Puxador Alça Liveri IL950 Alça 128mm Escovado - Italyline - 128MM
10911;10911-001-U;Puxador Concha Nozes 64MM Gold Opaco - Jador - 64MM
10919;10919-001-U;Puxador Ponto Beetle Gold Escovado - Zen Design - Ponto
10925;10925-001-U;Puxador Ponto Plana Cromado - Zen Design - Ponto
10929;10929-001-U;Puxador Alça Phenix 320MM Preto - Zen Design - 320MM
10936;10936-001-U;Puxador Ponto Beetle Preto - Zen Design - Ponto
10937;10937-001-U;Puxador Alça Elemento M Gold - Zen Design - M
10939;10939-001-U;Puxador Alça Ravena 54MM Dourado Matte - Zen Design - 54MM
10940;10940-001-U;Puxador Ponto Antique Gold Escovado - Zen Design - Ponto
10965;10965-001-U;Puxador Ponto Caiapo Dourado - Zen Design - Ponto
10972;10972-001-U;Puxador Ponto Sheer Níquel Escovado - Zen Design - Ponto
10979;10979-001-U;Puxador Ponto Bali Granado Gold Zen Design - Ponto
10982;10982-001-U;Puxador Concha Plymouth Níquel Velho - Zen Design - 80MM
10985;10985-001-U;Puxador Ponto Horses Gold - Zen Design - Ponto
10987;10987-001-U;Puxador Sobrepor Citizen 45 Graus P Gold - Zen Design - P
10988;10988-001-U;Puxador Alça Traso 32mm Gold Escovado - Zen Design - 32MM
10989;10989-001-U;Puxador Traso 128MM Gold - Zen Design - 128MM
10990;10990-001-U;Puxador Alça Ken 192MM Gold Escovado - Zen Design - 192MM
10991;10991-001-U;Puxador Ponto Zigrinato il1580 25x28MM  Dourado - Italyline - Ponto
10993;10993-001-U;Puxador Alça Elemento G Gold - Zen - G
11008;11008-001-U;Puxador Ponto Jalapa Redondo P Dourado - Torralba - P
11014;11014-001-U;Puxador Alça Box 48MM Gold Escovado - Zen Design - 48MM
11020;11020-001-U;Puxador Ponto Ball di Cristallo 30MM Ponto Escovado - Jador - Ponto
11026;11026-001-U;Puxador Ponto Beetle Escovado - Zen Design - Único
11029;11029-001-U;Puxador Alça Estrela 384MM Gold - Jador - 384MM
11041;11041-001-U;Puxador Ponto Flex Gold - Zen Design - Ponto
11047;11047-001-U;Puxador Alça Box 144mm Preto - Zen Design - 144MM
11054;11054-001-U;Puxador Ponto Galaxia 30MM Gold Opaco - Jador - Único
11056;11056-001-U;Puxador Alça Piaui 3269 224MM Niquel Escovado - Torralba - Único
11057;11057-001-U;Puxador Alça Estrela 256mm Preto Opaco - Jador - 256MM
11062;11062-001-U;Puxador Sobrepor Pv22 128mm Preto Fosco - Torralba - 128MM
11065;11065-001-U;Puxador Concha Eden 64mm Dourado - Torralba - 64MM
11077;11077-001-U;Puxador Alça Santa Fé Cruzado 128MM Gold Escovado - Zen Design - 128MM
11084;11084-001-U;Puxador Alça Sorento Liso 320mm Dourado - Zen Design - 320MM
11089;11089-001-U;Puxador Alça Box 48MM Gold - Zen Design - 48MM
11092;11092-001-U;Puxador Ponto Beetle Dourado - Zen Design - Ponto
11094;11094-001-U;Puxador Alça Traso 128MM Cromado - Zen Design - 128MM
11101;11101-001-U;Puxador Alça Phenix 64MM Cromado - Zen Design - 64MM
11105;11105-001-U;Puxador Ponto Sorento Granado Dourado - Zen Design - Ponto
11111;11111-001-U;Puxador Alça Liveri IL950 Alça 128mm Cromado - Italyline - 128MM
11113;11113-001-U;Puxador Ponto Beetle Níquel Escovado - Zen Design - Ponto
11116;11116-001-U;Puxador Ponto Plana Preto - Zen Design - Ponto
11117;11117-001-U;Puxador Ponto Drito Quadrado IL2249 30X30 Cromado - Italyline - Único
11125;11125-001-U;Puxador Ponto Cup Escovado - Zen Design - Ponto
11144;11144-001-U;Puxador Alça Ken 320mm Gold - Zen Design - 320MM
11146;11146-001-U;Puxador Alça Phenix 192MM Branco - Zen Design - 192MM
11156;11156-001-U;Puxador Alça Valvet 160MM Gold - Zen Design - 160MM
11166;11166-001-U;Puxador Alça Creta 64MM Cromado - Zen Design - 64MM
11169;11169-001-U;Puxador Alça Versalhes 320mm Cromado - Zen Design - 320MM
11171;11171-001-U;Puxador Alça Arezzo 32mm Dourado - Torralba - 32MM
11172;11172-001-U;Puxador Alça Liveri IL950 Alça 192mm Cromado - Italyline - 192MM
11173;11173-001-U;Puxador Alça Manico di Cotello Wood Niquel Velho - Zen Design - 160MM
11181;11181-001-U;Puxador Alça Estrela 192mm Gold Escovado - Jador - 192MM
11182;11182-001-U;Puxador Alça Ken 416MM Cromado - Zen Design - Único
11194;11194-001-U;Puxador Alça Ken 192mm Preto - Zen Design - 192MM
11202;11202-001-U;Puxador Embutir Taglia 2706 224mm Dourado - Torralba - 224MM
11205;11205-001-U;Puxador Ponto Sinnai il808 25MM Ponto Cromado - Italyline - 25MM
11206;11206-001-U;Puxador Concha Aniela 64mm Dourado - Torralba - 64MM
11208;11208-001-U;Puxador Ponto Tucson 201 Dourado - Torralba - G
11211;11211-001-U;Puxador Embutir Taglia 2706 224mm Preto Fosco - Torralba - 224MM
11212;11212-001-U;Puxador Sobrepor Atenas 300mm Preto Fosco - Torralba - 300MM
11217;11217-001-U;Puxador Alça Piaui 352mm Dourado - Torralba - 352MM
11222;11222-001-U;Puxador Alça Piaui 224mm Dourado - Torralba - 224MM
11223;11223-001-U;Puxador Sobrepor Atenas 150mm Dourado - Torralba - 90MM
11226;11226-001-U;Puxador Ponto Orion 33x20MM Bronze - Zen Design - 33X20MM
11227;11227-001-U;Puxador Ponto Tucson 199 Dourado - Torralba - P
11229;11229-001-U;Puxador Ponto Radio Mini Dourado - Zen Design - MINI
11230;11230-001-U;Puxador Alça Sorento Liso 672mm Preto - Zen Design - 672MM
11231;11231-001-U;Puxador Alça Allen Liso 224MM Gold Esc - Zen Design - 224MM
11232;11232-001-U;Puxador Ponto Coin M Gold - Zen Design - Único
11233;11233-001-U;Puxador Sobrepor Citizen P 45 Graus Bronze - Zen Design - P
11235;11235-001-U;Puxador Alça Ken 192mm Dourado - Zen Design - 192MM
11236;11236-001-U;Puxador Alça Nord Granado 160MM Preto - Zen Design - 160MM
11237;11237-001-U;Puxador Alça Oriente 448mm Couro Marrom Vecchio Cobre - Zen Design - 448MM
11252;11252-001-U;Puxador Ponto Disk P Níquel Escovado - Zen Design - P
11253;11253-001-U;Puxador Ponto Disk P Gold Escovado - Zen Design - P
11262;11262-001-U;Puxador Concha Vivaro 115 9960 Concha 96mm Escovado - Italyline - 96MM
11268;11268-001-U;Puxador Ponto Drito IL2249 Escovado - Italyline - Ponto
11273;11273-001-U;Puxador Ken 32MM Gold Escovado - Zen Design - 32MM
11281;11281-001-U;Puxador Alça Zigrinato IL1580 128mm Dourado - Italyline - 128MM
11292;11292-001-U;Puxador Alça Zigrinato IL1580 288mm Dourado - Italyline - 288MM
11308;11308-001-U;Puxador Ponto Flex Ponto Níquel Escovado - Zen Design - Ponto
11315;11315-001-U;Puxador Alça Zigrinato IL1580 160mm Dourado Fosco - Italyline - 160MM
11317;11317-001-U;Puxador Ponto Antique Cromado - Zen Design - Ponto
11325;11325-001-U;Puxador Ponto Versalhes Dourado Matte - Zen Design - Único
11332;11332-001-U;Puxador Alça Estrela 192mm Red Gold Opaco - Jador - 192MM
11339;11339-001-U;Puxador Ponto Zigrinato il1581 18x33 Dourado - Italyline - Ponto
11340;11340-001-U;Puxador Alça Oriente 224mm Couro Marrom Cromado - Zen Design - 224MM
11353;11353-001-U;Puxador Ponto Sedona Preto Fosco - Torralba - Ponto
11354;11354-001-U;Puxador Ponto Jalapa Redondo P Cromo - Torralba - P
11355;11355-001-U;Puxador Ponto Jalapa Redondo P Níquel Escovado - Torralba - P
11357;11357-001-U;Puxado Ponto Grenade 1764 Cobre - Torralba - Único
11359;11359-001-U;Puxador Alça Grenade 128mm Níquel Escovado - Torralba - 128MM
11361;11361-001-U;Puxador Ponto Jalapa Quadrado P Dourado - Torralba - P
11362;11362-001-U;Puxador Ponto Aspen Preto Fosco - Torralba - Ponto
11363;11363-001-U;Puxador Ponto Aspen Dourado - Torralba - Ponto
11364;11364-001-U;Puxador  Ponto Yuma P Dourado - Torralba - P
11367;11367-001-U;Puxador Ponto Yuma 193 P Preto - Torralba - P
11368;11368-001-U;Puxador Ponto Yuma 197 G Dourado - Torralba - G
11369;11369-001-U;Puxador Ponto Jalapa Quadrado P Níquel Escovado - Torralba - P
11370;11370-001-U;Puxador Ponto Yuma 194 M Preto Fosco - Torralba - M
11371;11371-001-U;Puxador Ponto Yuma 197 G Preto Fosco - Torralba - G
11373;11373-001-U;Puxador Ponto Oregon Dourado - Torralba - Ponto
11375;11375-001-U;Puxador Ponto Jalapa Quadrado P Preto Fosco - Torralba - P
11379;11379-001-U;Puxador Ponto Avelã M Preto Fosco - Torralba - M
11380;11380-001-U;Puxador Ponto Avelã P Preto Fosco - Torralba - P
11383;11383-001-U;Puxador Alça Elemento P Preto - Zen Design - P
11386;11386-001-U;Puxador Ponto Tucson 200 Cromado - Torralba - M
11389;11389-001-U;Puxador Ponto Tucson 201 Preto Fosco - Torralba - G
11390;11390-001-U;Puxador Ponto Tucson 200 Niquel Escovado -Torralba - Único
11391;11391-001-U;Puxador Ponto Soft M Dourado - Torralba - M
11392;11392-001-U;Puxador Ponto Soft G Dourado - Torralba - G
11393;11393-001-U;Puxador Ponto Soft  G Preto Fosco - Torralba - G
11398;11398-001-U;Puxador Sobrepor Sottile 160mm Níquel Escovado - Zen Design - 160MM
11414;11414-001-U;Puxador Ponto Acqua 38x38 Dourado - Zen Design - Ponto
11416;11416-001-U;Puxador Alça Oeiras 192mm Dourado - Torralba - 192MM
11422;11422-001-U;Puxador Sobrepor Atenas 300mm Bronze - Torralba - 300MM
11424;11424-001-U;Puxador Ponto Grenade 1764 Dourado - Torralba - Ponto
11436;11436-001-U;Puxador Ponto Beetle Com Base Granada Cromo - Zen Design - Ponto
11445;11445-001-U;Puxador Ponto Seixo G Preto - Zen Design - G
11446;11446-001-U;Puxador Embutir New Quadro Dourado Matte - Zen Design - Único
11450;11450-001-U;Puxador New Quadro Preto - Zen Design - Único
11451;11451-001-U;Puxador Ponto Hund Couro Preto Dourado - Torralba - Ponto
11453;11453-001-U;Puxador Ponto Hund 2878 Couro Cobre Dourado -Torralba - Único
11454;11454-001-U;Puxador Ponto Beetle Com Base Granada Rose Escovado - Zen Design - Ponto
11455;11455-001-U;Puxador Alça Traso 128MM Dourado - Zen Design - 128MM
11458;11458-001-U;Puxador Alça Phenix 64MM Níquel Escovado - Zen Design - 64MM
11459;11459-001-U;Puxador Sobrepor Citizen 45 Graus G Cromado - Zen Design - G
11469;11469-001-U;Puxador Concha Quebec 96mm Níquel Escovado - Torralba - 96MM
11471;11471-001-U;Puxador Ponto Fune Couro Marrom Gold Escovado - Zen Design - Ponto
11474;11474-001-U;Puxador Ponto Hund Couro Marrom Cromado - Torralba - Ponto
11476;11476-001-U;Puxador Concha Quebec 96mm Ouro Velho - Torralba - 96MM
11479;11479-001-U;Puxador Alça Phenix 192MM Cromado - Zen Design - 192MM
11481;11481-001-U;Puxador Sobrepor Atenas 150mm Preto Fosco - Torralba - 90MM
11485;11485-001-U;Puxador Alça Sorento Liso 96MM Gold Escovado - Zen Design - 96MM
11486;11486-001-U;Puxador Alça Phenix 192MM Gold Escovado - Zen Design - 192MM
11487;11487-001-U;Puxador Alça Sorento Liso 320MM Gold Escovado - Zen Design - 320MM
11489;11489-001-U;Puxador Alça Archive 128MM Preto -Zen Design - 128MM
11490;11490-001-U;Puxador Alça Sorento Liso 224MM Bronze - Zen Design - 224MM
11499;11499-001-U;Puxador Ponto Flex  Cromado - Zen Design - Ponto
11509;11509-001-U;Puxador Concha Quebec 96mm Dourado - Torralba - 96MM
11514;11514-001-U;Puxador Ponto Jalapa Quadrado P Cromo - Torralba - P
11520;11520-001-U;Puxador Sobrepor Pv33 64mm Dourado - Torralba - 64MM
11523;11523-001-U;Puxador Alça Cassa Granado 160MM Preto - Zen Design - 160MM
11524;11524-001-U;Puxador Concha Quebec 96mm Preto Fosco - Torralba - 96MM
11527;11527-001-U;Puxador Ponto Hund Couro Branco Dourado - Torralba - Ponto
11528;11528-001-U;Puxador Alça Oeiras 256mm Dourado - Torralba - 256MM
11531;11531-001-U;Puxador Ponto Jalapa 544 Redondo G Dourado - Torralba - Único
11538;11538-001-U;Puxador Concha Shell 64mm Bronze - Zen Design - 64MM
11541;11541-001-U;Puxador Ponto Lotus 16MM Dourado Matte - Zen Design - 16MM
11542;11542-001-U;Puxador Concha Plymouth Bronze - Zen Design - 80MM
11547;11547-001-U;Puxador Alça Ken 128mm Gold - Zen Design - 128MM
11550;11550-001-U;Puxador Alça Elemento M Gold Escovado - Zen Design - M
11553;11553-001-U;Puxador Ponto Radio Mini Preto - Zen Design - MINI
11562;11562-001-U;Puxador Alça Zigrinato IL1590 128MM Brown - Italyline - 128MM
11564;11564-001-U;Puxador Alça Oriente 224mm Couro Marrom Vecchio Cobre - Zen Design - 224MM
11566;11566-001-U;Puxador Ponto Orion 33x20MM Dourado - Zen Design - 33X20MM
11567;11567-001-U;Puxador Alça Ken 192MM Bronze - Zen Design - 192MM
11581;11581-001-U;Puxador Alça Elemento M Preto - Zen Design - M
11584;11584-001-U;Puxador Alça Sorento Liso 224mm Dourado - Zen Design - 224MM
11591;11591-001-U;Puxador Alça Sorento Granado 96mm Preto - Zen Design - 96MM
11592;11592-001-U;Puxador Ponto Beetle Gold - Zen Design - Ponto
11602;11602-001-U;Puxador Alça Elemento M Dourado - Zen Design - M
11606;11606-001-U;Puxador Ponto Seixo P Gold - Zen Design - P
11615;11615-001-U;Puxador Alça Montero 128mm Dourado - Torralba - 128MM
11616;11616-001-U;Puxador Ponto Diamante 30MM  Escovado - Jador - Ponto
11632;11632-001-U;Puxador Ponto Disk G Branco - Zen Design - Ponto
11633;11633-001-U;Puxador Ponto Flex Preto - Zen Design - Ponto
11634;11634-001-U;Puxador Alça Elemento G Gold Escovado - Zen Design - G
11635;11635-001-U;Puxador Concha Sirius 48mm Níquel Escovado - Zen Design - Único
11637;11637-001-U;Puxador Alça Traso 128MM Rose - Zen Design - 160MM
11640;11640-001-U;Puxador Alça Ken 128mm Rose - Zen Design - 128MM
11642;11642-001-U;Puxador Ponto Beetle Com Base Granada Níquel Escovado - Zen Design - Ponto
11643;11643-001-U;Puxador Alça Creta 192MM Preto - Zen Design - 192MM
11646;11646-001-U;Puxador Ponto Beetle Com Base Granada Preto - Zen Design - Ponto
11647;11647-001-U;Puxador Ponto Horses Dourado - Zen Design - Ponto
11650;11650-001-U;Puxador Alça Ken 128mm Dourado - Zen Design - 128MM
11653;11653-001-U;Puxador Alça Santa Fé Granado 640MM Dourado - Zen Design - 640MM
11658;11658-001-U;Puxador Ponto Acqua 60x60 Dourado - Zen Design - Ponto
11661;11661-001-U;Puxador Alça Sorento Liso 416mm Rose - Zen Design - 416MM
11663;11663-001-U;Puxador Concha Plymouth Branco - Zen Design - 80MM
11678;11678-001-U;Puxador Alça Ravena 54MM Preto - Zen Design - 54MM
11680;11680-001-U;Puxador Ponto Diamante 30MM Cromado - Jador - Ponto
11683;11683-001-U;Puxador Ponto Orion 33x20mm Rose Escovado - Zen Design - Único
11689;11689-001-U;Puxador Ponto Cup Branco - Zen Design - Ponto
11690;11690-001-U;Puxador Concha Shell 64mm Onix Escovado - Zen Design - Único
11691;11691-001-U;Puxador Concha Plymouth 80mm Escovado - Zen Design - Único
11692;11692-001-U;Puxador Ponto Coin M Dourado - Zen Design - Único
11693;11693-001-U;Puxador Ponto Cup Onix Escovado - Zen Design - Ponto
11696;11696-001-U;Puxador Ponto Horses  Preto - Zen Design - Ponto
11697;11697-001-U;Puxador Alça Zigrinato IL1580 224mm Dourado - Italyline - 224MM
11702;11702-001-U;Puxador Ponto Tucson 200 Bronze - Torralba - M
11707;11707-001-U;Puxador Ponto Orion 55x27mm Branco - Zen Design - Único
11711;11711-001-U;Puxador Concha Vivaro 115 Concha 96mm Rose - Italyline - 96MM
11722;11722-001-U;Puxador Ponto Cup Dourado - Zen Design - Ponto
11724;11724-001-U;Puxador Ponto Cup Preto - Zen Design - Ponto
11725;11725-001-U;Puxador Concha Shell 64mm Preto - Zen Design - 64MM
11726;11726-001-U;Puxador Concha Plymouth Níquel Escovado - Zen Design - 80MM
11728;11728-001-U;Puxador Ponto Cup Cromo - Zen Design - Ponto
11732;11732-001-U;Puxador Ponto Disk G Dourado - Zen Design - G
11735;11735-001-U;Puxador Alça Phenix 192MM Dourado - Zen Design - 192MM
11755;11755-001-U;Puxador Ponto Horses Gold Escovado - Zen Design - Ponto
11763;11763-001-U;Puxador Ponto Sorento Liso Gold - Zen Design - Ponto
11764;11764-001-U;Puxador para Portas Duplo Colonial Pinha 400mm Preto Fosco - Único
11765;11765-001-U;Puxador Alça Creta 192MM Niquel Escovado - Zen Design - 192MM
11766;11766-001-U;Puxador Alça Sorento Liso 96mm Níquel Escovado - Zen Design - 96MM
11768;11768-001-U;Puxador Ponto Diamante 30MM  Gold Escovado - Jador - Ponto
11772;11772-001-U;Puxador Alça Manico Di Coltello Wood Níquel Escovado - Zen Design - 160MM
11775;11775-001-U;Puxador Alça Phenix 192MM Preto - Zen Design - 192MM
11789;11789-001-U;Puxador Alça Phenix 192MM Níquel Escovado - Zen Design - 192MM
11794;11794-001-U;Puxador Alça Sorento Liso 96MM Cromado - Zen Design - 96MM
11795;11795-001-U;Puxador Ponto Hund Couro Marrom Dourado - Torralba - Ponto
11797;11797-001-U;Puxador Alça Traso 32mm Níquel Escovado - Zen Design - 32MM
11799;11799-001-U;Puxador Ponto Radio M Gold Escovado - Zen Design - M
11800;11800-001-U;Puxador Alça Nord Dourado - Zen Design - 160MM
11801;11801-001-U;Puxador Alça Garda Central 128mm Dourado - Torralba - 128MM
11804;11804-001-U;Puxador Alça Garda Central 224mm Dourado - Torralba - 224MM
11816;11816-001-U;Puxador Meia Lua Paio Dourado - Zen Design - Ponto
11819;11819-001-U;Puxador Alça Sorento Granado 96mm Gold - Zen Design - 96MM
11822;11822-001-U;Puxador Alça Sorento Granado 224mm Gold - Zen Design - 224MM
11825;11825-001-U;Puxador Alça Sorento Granado 320mm Gold - Zen Design - 320MM
11828;11828-001-U;Puxador Concha Sirius 48mm Preto - Zen Design - Único
11829;11829-001-U;Puxador Alça Ken 416MM Gold - Zen Design - Único
11831;11831-001-U;Puxador Alça Sorento Granado 416MM Gold -Zen Designe - 416MM
11834;11834-001-U;Puxador Alça Creta 64MM Gold - Zen Design - 64MM
11835;11835-001-U;Puxador Alça Box 144mm Gold Escovado - Zen Design - 144MM
11842;11842-001-U;Puxador Alça Phenix 64MM Dourado - Zen Design - 64MM
11850;11850-001-U;Puxador Alça Allen Liso 160mm Dourado - Zen Design - 160MM
11854;11854-001-U;Puxador Concha Shell 48mm Dourado Matte - Zen Design - 48MM
11857;11857-001-U;Puxador Embutir Dietro Preto - Zen Design - Único
11860;11860-001-U;Puxador Alça Estrela 256mm Gold Opaco - Jador - 256MM
11861;11861-001-U;Puxador Alça Estrela 128mm Gold Opaco - Jador - 128MM
11868;11868-001-U;Puxador Alça Tellus 160mm Dourado - Zen Design - 160MM
11870;11870-001-U;Puxador Ponto Seixo G Gold Escovado - Zen Design - G
11873;11873-001-U;Puxador Alça Oeiras 160mm Dourado - Torralba - 160MM
11877;11877-001-U;Puxador Ponto Beetle Com Base Granada Escovado - Zen design - Ponto
11886;11886-001-U;Puxador Ponto Disk G Bronze - Zen Design - Ponto
11887;11887-001-U;Puxador Ponto Disk P Bronze - Zen Design - P
11889;11889-001-U;Puxador para Porta Duplo Reno Light 300MM Dourado Escovado - Único
11894;11894-001-U;Puxador para Porta Duplo Capri Light 300MM Dourado Escovado - Único
11896;11896-001-U;Puxador para Porta Duplo Capri Light 400MM Dourado Escovado - Único
11901;11901-001-U;Puxador para Porta Duplo Reno Light 600MM Dourado Escovado - Único
11903;11903-001-U;Puxador para Porta Duplo Reno Light 600MM Preto Fosco - Único
11910;11910-001-U;Puxador Alça Phenix 64MM Preto - Zen Design - 64MM
11913;11913-001-U;Puxador Alça Elemento P Níquel Escovado - Zen Design - P
11919;11919-001-U;Puxador Embutir Inca 300MM Preto -Zen Design - 300MM
11921;11921-001-U;Puxador Ponto Seixo P Preto - Zen Design - P
11924;11924-001-U;Puxador Ponto Coin P Preto - Zen Design - Único
11925;11925-001-U;Puxador Ponto Coin M Preto - Zen Design - Único
11932;11932-001-U;Puxador Embutir Dressa Dourado Matte - Zen Design - PONTO
11936;11936-001-U;Puxador Alça Grenade 128mm Dourado - Torralba - 128MM
11939;11939-001-U;Puxador Ponto Radio Mini Gold Escovado - Zen Design - MINI
11940;11940-001-U;Puxador Meia Lua Paio Gold Escovado - Zen Design - Ponto
11941;11941-001-U;Puxador Alça Sorento Liso 416mm Preto - Zen Design - 416MM
11946;11946-001-U;Puxador Alça Ken 320mm Preto - Zen Design - 320MM
11947;11947-001-U;Puxador Alça Ken 128mm Preto - Zen Design - 128MM
11948;11948-001-U;Puxador Alça Box 48MM Niquel Escovado - Zen Design - 48MM
11949;11949-001-U;Puxador Alça Creta 192MM Dourado - Zen Design - 192MM
11950;11950-001-U;Puxador Concha Plymouth Preto - Zen Design - 80MM
11951;11951-001-U;Puxador Embutir Dietro Dourado - Zen Design - Único
11952;11952-001-U;Puxador Alça Piaui 192mm Dourado - Torralba - 192MM
11958;11958-001-U;Puxador Ponto Oriente Couro Marrom Dourado - Zen Design - Ponto
11960;11960-001-U;Puxador Alça Versace 4555 300mm Dourado - Torralba - 256MM
11962;11962-001-U;Puxador Alça  Oriente 224mm Couro Marrom Dourado - Zen Design - 224MM
11963;11963-001-U;Puxador Alça Oriente 448mm Couro Marrom Dourado - Zen Design - 448MM
11968;11968-001-U;Puxador Ponto Tucson 200 Dourado - Torralba - M
11969;11969-001-U;Puxador Ponto Vernon Preto Fosco - Torralba - Ponto
11974;11974-001-U;Puxador Alça 4551 Versace 100mm Dourado - Torralba - 64MM
11975;11975-001-U;Puxador Alça 4553 Versace 200mm Dourado - Torralba - 160MM
11977;11977-001-U;Puxador Sobrepor Pv33 160mm Preto Fosco - Torralba - 160MM
11980;11980-001-U;Puxador Concha Quebec 96mm Bronze - Torralba - 96MM
11988;11988-001-U;Puxador Ponto Beetle Rose - Zen Design - Único
11989;11989-001-U;Puxador Alça Elemento M Cromado - Zen Design - M
11990;11990-001-U;Puxador Alça Elemento G Cromado - Zen Design - G
11991;11991-001-U;Puxador Ponto Antique Preto - Zen Design - Ponto
11993;11993-001-U;Puxador Ponto Antique Dourado - Zen Design - Ponto
11994;11994-001-U;Puxador Ponto Antique Níquel Escovado - Zen Design - Ponto
11995;11995-001-U;Puxador Alça Elemento P Cromado - Zen Design - P
11996;11996-001-U;Puxador Alça Sorento Liso 224mm Gold - Zen Design - 224MM
11997;11997-001-U;Puxador Ponto Mini Afro Gold Escovado - Zen Design - MINI
11999;11999-001-U;Puxador para Porta Duplo Colonial Pinha 900mm Dourado Fosco - Único
12000;12000-001-U;Puxador para Portas Duplo Pinha Colonial 400mm Dourado - Único
12001;12001-001-U;Puxador Ponto Plana Gold Escovado - Zen Design - Ponto
12002;12002-001-U;Puxador Ponto Radio M Dourado - Zen Design - M
12003;12003-001-U;Puxador Ponto Radio G Dourado - Zen Design - G
12006;12006-001-U;Puxador Alça Creta 64MM Dourado - Zen Design - 64MM
12007;12007-001-U;Puxador Alça Nord 160MM Preto - Zen Design - 160MM
12008;12008-001-U;Puxador Ponto Bali Granado Escovado - Zen Design - Ponto
12010;12010-001-U;Puxador Alça Creta 64MM Preto - Zen Design - 64MM
12011;12011-001-U;Puxador Alça Ken 320mm Dourado - Zen Design - 320MM
12012;12012-001-U;Puxador Alça Ken 320mm Níquel Escovado - Zen Design - 320MM
12016;12016-001-U;Puxador Ponto Bali Granado Níquel Escovado Zen Design - Ponto
12039;12039-001-U;Puxador Alça Libero Nuevo 256mm Dourado - Torralba - 256MM
12059;12059-001-U;Puxador New Quadro Niquel Velho - Zen Design - Único
12060;12060-001-U;Puxador Ponto Beetle Rose Escovado - Zen Design - Único
12091;12091-001-U;Puxador Alça Ken 640MM Dourado - Zen Design - Único
12100;12100-001-U;Puxador Ponto Acqua 38x38 Gold - Zen Design - Ponto
12105;12105-001-U;Puxador Alça Ramo 64mm Gold - Zen Design - 64MM
12106;12106-001-U;Puxador Ponto Valvet Gold - Zen Design - Único
12113;12113-001-U;Puxador Ponto Dharma 48MM Preto - Zen Design - Ponto
12117;12117-001-U;Puxador Alça Sorento Granado 224mm Dourado Matte - Zen Design - 224MM
12122;12122-001-U;Puxador Ponto Caiapo Cromado - Zen Design - Ponto
12123;12123-001-U;Puxador Alça Sorento Granado 96mm Dourado - Zen Design - 96MM
12127;12127-001-U;Puxador Alça Sorento Liso 320mm Preto - Zen Design - 320MM
12128;12128-001-U;Puxador Alça Sorento Liso 96mm Gold - Zen Design - 96MM
12133;12133-001-U;Puxador Alça Piaui 3273 352MM Niquel Escovado - Torralba - Único
12137;12137-001-U;Puxador Alça Ramo 64mm Gold Escovado -Zen Design - Único
12142;12142-001-U;Puxador  Cassa Granado Dourado -Zen Design - 160MM
12146;12146-001-U;Puxador Embutir Smart 160mm Cromado -Zen Design - 160MM
12148;12148-001-U;Puxador Alça Ken 32MM Preto - Zen Design - 32MM
12167;12167-001-U;Puxador Ponto Sheer Gold - Zen Design - Ponto
12169;12169-001-U;Puxador Ponto Antique Gold - Zen design - Ponto
12173;12173-001-U;Puxador Ponto Grenade 1764 Preto Fosco - Torralba - Ponto
12178;12178-001-U;Puxador Ponto Yuma 194 M Dourado - Torralba - M
12182;12182-001-U;Puxador Concha Para Móveis Concha Grenade 1753 Dourado - 64MM
12186;12186-001-U;Puxador Ponto Oregon Preto Fosco - Torralba - Ponto
12193;12193-001-U;Puxador Ponto Vernon Dourado - Torralba - Ponto
12196;12196-001-U;Puxador Alça Piaui 128mm Preto Fosco - Torralba - 128MM
12197;12197-001-U;Puxador Concha Eden 64mm Preto Fosco - Torralba - 64MM
12210;12210-001-U;Puxador Concha Sirius 32mm Dourado - Zen Design - Único
12216;12216-001-U;Puxador Alça Piaui 160mm Preto Fosco - Torralba - 160MM
12218;12218-001-U;Puxador Alça Box 48MM Dourado - Zen Design - 48MM
12219;12219-001-U;Puxador Ponto Bali Granado Branco - Zen Design - Ponto
12224;12224-001-U;Puxador Alça Box 144MM Niquel Escovado - Zen Design - 144MM
12229;12229-001-U;Puxador Alça Box 48MM Preto - Zen Design - 48MM
12242;12242-001-U;Puxador Ponto Cup Rose - Zen Design - Ponto
12243;12243-001-U;Puxador Ponto Cup Vecchio Cobre - Zen Design - Ponto
12244;12244-001-U;Puxador Concha Sirius 48mm Dourado - Zen Design - Único
12246;12246-001-U;Puxador Ponto Tucson 200 Preto Fosco - Torralba - M
12248;12248-001-U;Puxador Alça Montero 128mm Preto Fosco - Torralba - 128MM
12251;12251-001-U;Puxador Alça Montero 192mm Preto Fosco - Torralba - 192MM
12252;12252-001-U;Puxador Alça  Phenix 320MM  Branco - Zen Design - 320MM
12266;12266-001-U;Puxador para Portas Duplo Pinha Colonial 600mm Dourado - Único
12269;12269-001-U;Puxador Alça Ken 32mm Cromo - Zen Design - 32MM
12270;12270-001-U;Puxador Concha Eden 96mm Dourado - Torralba - 64MM
12319;12319-001-U;Puxador Ponto Orion 33x20MM Cromo - Zen Design - 33X20MM
12320;12320-001-U;Puxador Ponto Oriente Couro Marrom Vecchio Cobre - Zen Design - Ponto
12322;12322-001-U;Puxador Ponto Orion 55x27MM Dourado - Zen Design - 55X27MM
12346;12346-001-U;Puxador Ponto Hund Couro Cobre Cromado - Torralba - Ponto
12373;12373-001-U;Puxador Ponto Disk G Gold - Zen Design - G
12379;12379-001-U;Puxador Concha Nozes 64MM Gold Escovado - Jador - 64MM
12383;12383-001-U;Puxador Alça Estrela 192mm Gold Opaco - Jador - 192MM
12385;12385-001-U;Puxador Alça Ken Granado 128mm Níquel Velho - Zen Design - 128MM
12386;12386-001-U;Puxador Concha Sirius 48mm Gold Escovado - Zen Design - Único
12389;12389-001-U;Puxador Alça Box 144MM Dourado - Zen Design - 144MM
12398;12398-001-U;Puxador Alça Estrela 128mm Preto Opaco - Jador - 128MM
12399;12399-001-U;Puxador Alça Estrela 192mm Preto Opaco - Jador - 192MM
12403;12403-001-U;Puxador Concha Nozes 64MM Red Gold Opaco - Jador - 64MM
12405;12405-001-U;Puxador Ponto Cereja 25MM Gold Opaco - Jador - Único
12406;12406-001-U;Puxador Ponto Cereja 25MM Gold Escovado - Jador - Único
12410;12410-001-U;Puxador Ponto Cereja 25MM Ouro Atinque Opaco - Jador - Ponto
12411;12411-001-U;Puxador Ponto Cereja 38MM Cromado - Jador - Ponto
12412;12412-001-U;Puxador Ponto Cereja 38MM Gold Escovado - Jador - Único
12415;12415-001-U;Puxador Ponto Cereja 38mm  Red Gold Opaco - Jador - Ponto
12418;12418-001-U;Puxador Ponto Jupiter 25MM  Ouro Atinque Opaco - Jador - Ponto
12419;12419-001-U;Puxador Ponto Terra 17MM  Escovado - Jador - Ponto
12420;12420-001-U;Puxador Ponto Terra 17MM Gold Opaco - Jador - Ponto
12421;12421-001-U;Puxador Ponto Cascata 50MM Cromado - Jador - Ponto
12422;12422-001-U;Puxador Ponto Cascata 50MM Escovado - Jador - Ponto
12423;12423-001-U;Puxador Ponto Cascata 50MM Gold Opaco - Jador - Ponto
12429;12429-001-U;Puxador Ponto Avelã M Dourado - Torralba - M
12433;12433-001-U;Puxador para Portas Duplo Pinha Colonial 600mm Preto Fosco - Único
12435;12435-001-U;Puxador Concha Grenade 1753 Cobre - Torralba - Único
12438;12438-001-U;Puxador Ponto Tucson 199 Preto Fosco - Torralba - P
12439;12439-001-U;Puxador Alça Oeiras 192mm Preto Fosco - Torralba - 192MM
12440;12440-001-U;Puxador Ponto Sedona Dourado - Torralba - Ponto
12449;12449-001-U;Puxador Sobrepor Citizen 45 Graus G Gold - Zen Design - G
12456;12456-001-U;Puxador Ponto Bali Granado Vecchio Cobre Zen Design - Ponto
12458;12458-001-U;Puxador Alça Traso 128MM Gold Escovado - Zen Design - 128MM
12509;12509-001-U;Puxador Alça Creta 192MM Gold - Zen Design - 192MM
12510;12510-001-U;Puxador Sobrepor Citizen P 45 Graus Dourado - Zen Design - P
12511;12511-001-U;Puxador Ponto Sorento Liso Preto  Zen - Ponto
12512;12512-001-U;Puxador Ponto Sorento Liso Níquel Escovado - Zen Design - Único
12514;12514-001-U;Puxador Alça Sorento Liso 224MM Gold Escovado - Zen Design - 224MM
12516;12516-001-U;Puxador Ponto Sorento Liso Cromado - Zen - Ponto
12517;12517-001-U;Puxador Sobrepor Citizen P 45 Graus Níquel Escovado - Zen Design - P
12518;12518-001-U;Puxador Ponto Cup Níquel Escovado - Zen Design - Ponto
12519;12519-001-U;Puxador Ponto Sorento Liso Gold Escovado - Zen Design - Ponto
12520;12520-001-U;Puxador Ponto Plana Dourado - Zen Design - Ponto
12521;12521-001-U;Puxador Ponto Beetle Com Base Granada Gold Escovado - Zen Design - Ponto
12522;12522-001-U;Puxador Sobrepor Citizen P 45 Graus Preto - Zen Design - P
12523;12523-001-U;Puxador Ponto Radio G Gold - Zen Design - G
12524;12524-001-U;Puxador Sobrepor Citizen P 45 Graus Gold Escovado - Zen Design - P
12525;12525-001-U;Puxador Ponto Bali Granado Cromo Zen Design - PONTO
12526;12526-001-U;Puxador Ponto Bali Granado Gold Escovado Ponto Zen Design - Ponto
12527;12527-001-U;Puxador Sobrepor Citizen P 45 Graus Níquel Velho - Zen Design - P
12528;12528-001-U;Puxador Alça Creta 192MM Gold Escovado - Zen Design - 192MM
12532;12532-001-U;Puxador Ponto Valvet  Preto - Zen Design - Único
12538;12538-001-U;Puxador Alça Oeiras 1691 192MM Cromado -Torralba - Único
12539;12539-001-U;Puxador Alça Oeiras 1689 128MM Cromado - Torralba - Único
13005;13005-001-U;Puxador Alça Creta 64MM Níquel Escovado - Zen Design - 64MM
13006;13006-001-U;Puxador Alça Elemento M Níquel Escovado - Zen Design - M
13028;13028-001-U;Puxador Ponto Beetle Com Base Granada Bronze - Zen design - Ponto
13030;13030-001-U;Puxador New Tondo Rose - Zen Design - Único
13037;13037-001-U;Puxador Ponto Disk P Branco - Zen Design - P
13040;13040-001-U;Puxador Alça Ken 32mm Níquel Escovado - Zen Design - 32MM
13041;13041-001-U;Puxador Alça Elemento P Gold - Zen Design - P
13042;13042-001-U;Puxador Meia Lua Paio Preto - Zen Design - Ponto
13043;13043-001-U;Puxador Meia Lua Paio Branco - Zen Design - Ponto
13050;13050-001-U;Puxador Ponto Radio Mini Cromado - Zen Design - MINI
13051;13051-001-U;Puxador Alça Tellus 352MM Preto - Zen Design - 352MM
13053;13053-001-U;Puxador Alça Oriente 224mm Couro Marrom Preto - Zen Design - 224MM
13061;13061-001-U;Puxador Ponto Seixo P Dourado - Zen Design - P
13065;13065-001-U;Puxador Alça Ken 320MM Bronze - Zen Design - 320MM
13084;13084-001-U;Puxador Ponto Seixo G Gold - Zen Design - G
13086;13086-001-U;Puxador Ponto Fune Espia Preto - Zen Design - Ponto
13088;13088-001-U;Puxador Concha Aniela 64mm Níquel Escovado - Torralba - 64MM
13089;13089-001-U;Puxador Alça Phenix 192MM Gold - Zen Design - 192MM
13090;13090-001-U;Puxador Para Portas Bari Duplo 500mm Sem Aplique Preto - Zen Design - Único
13094;13094-001-U;Puxador Embutir Feline 3309 35mm Dourado - Torralba - Único
13095;13095-001-U;Puxador Embutir Feline 3309 35mm Preto Fosco - Torralba - Único
13096;13096-001-U;Puxador Embutir Lince 3333 Dourado - Torralba - Único
13097;13097-001-U;Puxador Embutir Lince 3333 Preto Fosco - Torralba - Único
13098;13098-001-U;Puxador Alça Garda Central 320mm Dourado - Torralba - 320MM
13111;13111-001-U;Puxador Ponto Seixo P Gold Escovado - Zen Design - P
13115;13115-001-U;Puxador Alça Piaui 160mm Dourado - Torralba - 160MM
13116;13116-001-U;Puxador Alça Rezzo IL811 - 128mm Preto - Italyline - 128MM
13117;13117-001-U;Puxador Alça Rezzo IL811 - 192mm Preto - Italyline - 192MM
13118;13118-001-U;Puxador Alça Rezzo IL811 - 256mm Preto - Italyline - 256MM
13119;13119-001-U;Puxador Alça Rezzo IL811 - 392mm Preto - Italyline - 392MM
13120;13120-001-U;Puxador Alça Rezzo IL811 128mm Dourado - Italyline - 128MM
13121;13121-001-U;Puxador Alça Rezzo IL811 - 192mm Dourado - Italyline - 192MM
13122;13122-001-U;Puxador Alça Rezzo IL811 - 256mm Dourado - Italyline - 256MM
13123;13123-001-U;Puxador Alça Rezzo IL811 - 392mm Dourado - Italyline - 392MM
13124;13124-001-U;Puxador Alça Rezzo IL811  128mm Inox Escovado - Italyline - 128MM
13125;13125-001-U;Puxador Alça Rezzo IL811 - 192mm Inox Escovado - Italyline - 192MM
13126;13126-001-U;Puxador Alça Rezzo IL811 - 256mm Inox Escovado - Italyline - 256MM
13127;13127-001-U;Puxador Alça Rezzo IL811 - 392mm Inox Escovado - Italyline - 392MM
13128;13128-001-U;Puxador Alça Libero Nuovo 96mm Dourado - Torralba - 96MM
13129;13129-001-U;Puxador Alça Libero Nuevo 160mm Dourado - Torralba - 160MM
13132;13132-001-U;Puxador Alça Estrela 128mm Gold Escovado - Jador - 128MM
13137;13137-001-U;Puxador Ponto Beetle Bronze - Zen Design - Único
13138;13138-001-U;Puxador Sobrepor Citizen 45 Graus G Escovado - Zen Design - G
13139;13139-001-U;Puxador Ponto Orion 88x31MM Dourado - Zen Design - 55X27MM
13141;13141-001-U;Puxador ponto Borboleta Gold Opaco - Jador - Único
13144;13144-001-U;Puxador Concha Pipe Direito Dourado Matte - Zen Design - 120MM
13145;13145-001-U;Puxador Concha Pipe Esquerdo Dourado Matte - Zen Design - 120MM
13146;13146-001-U;Puxador Ponto Disk G Escovado - Zen Design - G
13147;13147-001-U;Puxador Ponto Disk P Escovado - Zen Design - P
13153;13153-001-U;Puxado Ponto Fune Couro Marrom Gold - Zen Design - Ponto
13163;13163-001-U;Puxador Ponto Valvet Gold Escovado - Zen Design - Único
13185;13185-001-U;Puxador Alça Santa Fé Cruzado 416MM Dourado - Zen Design - 416MM
13193;13193-001-U;Puxador Ponto Ice P Preto - Zen Design - P
13199;13199-001-U;Puxador Alça Ken 32mm Gold - Zen Design - 32MM
13201;13201-001-U;Puxador Alça Versalhes 160MM Cromado - Zen Design - 160MM
13202;13202-001-U;Puxador Sobrepor Citizen 45 Graus P Cromado - Zen Design - P
13224;13224-001-U;Puxador Alça Tellus 160mm Preto - Zen Design - 160MM
13225;13225-001-U;Puxador Alça Tellus 224mm Preto - Zen Design - 224MM
13236;13236-001-U;Puxador Ponto Seixo P Cromado - Zen Design - P
13239;13239-001-U;Puxador Ponto Plana Gold - Zen Design - Ponto
13240;13240-001-U;Puxador Ponto Sheer Gold Escovado - Zen Design - Ponto
13241;13241-001-U;Puxador Ponto Sheer Cromo - Zen Design - Ponto
13242;13242-001-U;Puxador Ponto Sheer Dourado - Zen Design - Ponto
13243;13243-001-U;Puxador Ponto Horses Níquel Escovado - Zen Design - Ponto
13244;13244-001-U;Puxador Ponto Horses Cromado - Zen Design - Ponto
13256;13256-001-U;Puxador Alça Phenix 64MM Gold - Zen Design - 64MM
13264;13264-001-U;Puxador Alça Oeiras 160mm Preto Fosco - Torralba - 160MM
13267;13267-001-U;Puxador Alça Ken 128MM Bronze - Zen Design - 128MM
13282;13282-001-U;Puxador Ponto Yuma 194 M Branco - Torralba - M
13306;13306-001-U;Puxador Embutir Taglia 2703 128mm Cromo Fosco -Torralba - 128MM
13307;13307-001-U;Puxador Embutir Taglia 2706 224mm Cromo Fosco - Torralba - 224MM
13309;13309-001-U;Puxador Embutir Feline 3309 35mm Bronze - Torralba - Único
13310;13310-001-U;Puxador Embutir  Lince 3333 fosco - Torralba - Único
13316;13316-001-U;Puxador Alça Norbello il1740 288mm Dourado Fosco - Italyline - 288MM
13322;13322-001-U;Puxador Alça Traso 32mm Branco - Zen Design - 32MM
13323;13323-001-U;Puxador Alça Traso 128MM Branco - Zen Design - 128MM
13325;13325-001-U;Puxador Ponto Valvet Níquel Escovado - Zen Design - Único
13329;13329-001-U;Puxador Ponto Orion 55x27mm Bronze - Zen Design - Único
13332;13332-001-U;Puxador Alça Libero Nuovo 96mm Preto Fosco - Torralba - 96MM
13337;13337-001-U;Puxador Alça Oriente 448mm Preto - Zen Design - 448MM
13358;13358-001-U;Puxador Ponto Zigrinato il1570 1furo Dourado - Italyline - Ponto
13367;13367-001-U;Puxador Alça Zigrinato IL1580 500MM Dourado fosco - Italyline - Único
13372;13372-001-U;Puxador Concha Kitten 64mm Rose - Zen Design - 64MM
13373;13373-001-U;Puxador Concha Pipe Direito Gold - Zen Design - 120MM
13374;13374-001-U;Puxador Concha Pipe Esquerdo Gold - Zen Design - 120MM
13375;13375-001-U;Puxador Concha Pipe Simétrico Rose - Zen Design - 120MM
13378;13378-001-U;Puxador Alça Horses 192MM Couro Marrom Cromo - Zen Design - 192MM
13379;13379-001-U;Puxador Alça Archive 128MM Rose - Zen Design - 128MM
13381;13381-001-U;Puxador Ponto Seixo P Rose - Zen Design - P
13383;13383-001-U;Puxador Ponto Coin G Dourado - Zen Design - Ponto
13384;13384-001-U;Puxador Alça Bali 160MM Cromo - Zen Design - 160MM
13385;13385-001-U;Puxador Ponto Mini Afro Gold - Zen Design - MINI
13389;13389-001-U;Puxador Embutir Livorno Dourado Matte - Zen Design - Único
13401;13401-001-U;Puxador Alça Traso 32mm Rose - Zen Design - 1000MM
13403;13403-001-U;Puxador Sobrepor Nina Reto 200MM Bronze - Torralba - 144MM
13404;13404-001-U;Puxador Nina Reto 200MM Preto Fosco - Torralba - 144MM
13405;13405-001-U;Puxador Sobrepor Nina Reto 200MM Dourado - Torralba - 144MM
13406;13406-001-U;Puxador Sobrepor Nina Reto 200MM Branco - Torralba - 144MM
13408;13408-001-U;Puxador Alça Oeiras 224mm Dourado - Torralba - 224MM
13409;13409-001-U;Puxador Alça Oeiras 224mm Preto Fosco - Torralba - 224MM
13412;13412-001-U;Puxador Embutir Taglia 2703 128mm Dourado - Torralba - 128MM
13413;13413-001-U;Puxador Embutir  Taglia 2711 384mm Dourado - Torralba - 384MM
13415;13415-001-U;Puxador Embutir Taglia 2703 128mm Bronze - Torralba - 128MM
13418;13418-001-U;Puxador Embutir Taglia 2703 128mm Branco - Torralba - 128MM
13422;13422-001-U;Puxador Embutir Lince 3333 Branco - Torralba - Único
13423;13423-001-U;Puxador Ponto Hund Couro Dior Cromado - Torralba - Ponto
13458;13458-001-U;Puxador Alça Creta 192MM Branco - Zen Design - 192MM
13459;13459-001-U;Puxador Alça Santa Fé Granado 128MM Dourado - Zen Design - 128MM
13460;13460-001-U;Puxador Alça Estrela 128MM Gold - Jador - 128MM
13473;13473-001-U;Puxador Alça Elemento M Escovado - Zen Design - M
13474;13474-001-U;Puxador Para Portas Duplo 991 300MM Dourado Matte  - Italyline - Único
13484;13484-001-U;Puxador Alça Primus IL814 128mm Preto - Italyline - 128MM
13486;13486-001-U;Puxador Para Portas Duplo DF905 600MM Dourado Matte - Italyline - Único
13490;13490-001-U;Puxador para Portas Duplo DF991 300MM Escovado - Italyline - Único
13491;13491-001-U;Puxador Para Portas Duplo 991 300MM Polido - Italylin - Único
13492;13492-001-U;Puxador Para Portas Duplo 991 300MM Preto Fosco - Italyline - Único
13493;13493-001-U;Puxador Alça Liveri IL950 Alça 160mm Escovado - Italyline - 160MM
13494;13494-001-U;Puxador Alça Liveri IL950 Alça 192mm Escovado - Italyline - 192MM
13495;13495-001-U;Puxador Alça Liveri IL950 Alça 224mm Cromado - Italyline - 224MM
13496;13496-001-U;Puxador Alça Primus IL814 256mm Dourado Fosco - Italyline - 256MM
13497;13497-001-U;Puxador Alça Primus IL814 256mm Escovado - Italyline - 256MM
13498;13498-001-U;Puxador Alça Primus IL814 384mm Dourado Fosco - Italyline - 384MM
13499;13499-001-U;Puxador Alça Primus IL814 384mm Preto - Italyline - 384MM
13500;13500-001-U;Puxador Ponto Sinnai il808 30MM Ponto Escovado - Italyline - 30MM
13501;13501-001-U;Puxador para Portas Duplo DF905 300MM Dourado Matte - Italyline - Único
13502;13502-001-U;Puxador para Porta DF933 300MM Dourado Matte - Italyline - Único
13503;13503-001-U;Puxador Alça Liveri IL950 Alça 160mm Cromado - Italyline - 160MM
13504;13504-001-U;Puxador Alça Primus IL814 128mm Dourado - Italyline - 128MM
13505;13505-001-U;Puxador Alça Primus IL814 192mm Dourado Fosco - Italyline - 192MM
13506;13506-001-U;Puxador Alça Primus IL814 192mm Preto - Italyline - 192MM
13519;13519-001-U;Puxador Alça Santa Fé Granado 640MM Bronze - Zen Design - 640MM
13526;13526-001-U;Puxador Alça Tellus Liso 352MM Dourado Matte - Zen Design - 352MM
13529;13529-001-U;Puxador Alça Liveri IL950 96MM Preto - Italyline - 96MM
13531;13531-001-U;Puxador Ponto Beetle Com Base Granada Onix Escovado - Zen design - Ponto
13532;13532-001-U;Puxador Alça Basic 224mm Gold - Zen Design - 224MM
13533;13533-001-U;Puxador Alça Sorento Liso 416mm Dourado - Zen Design - 416MM
13535;13535-001-U;Puxador Alça Box 144mm Cromado - Zen Design - 144MM
13536;13536-001-U;Puxador Alça Box 48MM Cromado - Zen Design - 48MM
13537;13537-001-U;Puxador Alça Creta 64MM Branco - Zen Design - 64MM
13539;13539-001-U;Puxador ponto Borboleta Gold - Jador - Único
13540;13540-001-U;Puxador Alça Garda Central 128mm Preto Fosco - Torralba - 128MM
13543;13543-001-U;Puxador Sobrepor Citizen P 45 Graus Branco - Zen Design - P
13544;13544-001-U;Puxador Ponto Dexter 6021 26MM Dourado - Torralba - Único
13545;13545-001-U;Puxadr Alça Liveri IL950 160MM Preto - Italyline - 160MM
13548;13548-001-U;Puxador Meia Lua Paio Cromado - Zen Design - Ponto
13559;13559-001-U;Puxador Ponto Seixo G Cromado - Zen Design - G
13564;13564-001-U;Puxador Ponto Zigrinato il1581 18x33mm  Grafite - Italyline - Ponto
13565;13565-001-U;Puxador Alça Zigrinato il1580 128mm Grafite - Italyline - 128MM
13566;13566-001-U;Puxador Alça Zigrinato il1580 160mm Grafite - Italyline - 160MM
13571;13571-001-U;Puxador Alça Ken 128MM Gold Escovado - Zen Design - 128MM
13572;13572-001-U;Puxador Sobrepor Nina Reto 100MM Dourado - Torralba - 90MM
13573;13573-001-U;Puxador Sobrepor Nina Reto 100MM Preto Fosco - Torralba - 90MM
13578;13578-001-U;Puxador Ponto Disk P Rose Escovado - Zen Design - P
13583;13583-001-U;Puxador Ponto Plana Niquel Escovado - Zen Design - Ponto
13587;13587-001-U;Puxador Alça Elemento G Níquel Escovado - Zen Design - G
13595;13595-001-U;Puxador Alça Sorento Granado 320mm Rose Escovado - Zen Design - 320MM
13596;13596-001-U;Puxador Alça Sorento Granado 320mm Vecchio Cobre - Zen Design - 320MM
13602;13602-001-U;Puxador Alça Ken 192MM Branco - Zen Design - 192MM
13608;13608-001-U;Puxador Sobrepor Nina Usinado 200MM Fosco - Torralba - 144MM
13609;13609-001-U;Puxador Alça Oeiras 64mm Dourado - Torralba - 64MM
13611;13611-001-U;Puxador Alça Oeiras 64mm Preto Fosco - Torralba - 64MM
13612;13612-001-U;Puxador Alça Oeiras 96mm Dourado - Torralba - 96MM
13613;13613-001-U;Puxador Alça Oeiras 96mm Preto Fosco - Torralba - 96MM
13615;13615-001-U;Puxador Embutir  Lince 3333 Bronze - Torralba - PONTO
13616;13616-001-U;Puxador Alça Garda Central 224mm Preto Fosco - Torralba - 224MM
13617;13617-001-U;Puxador Alça Garda Central 320mm Preto Fosco - Torralba - 320MM
13618;13618-001-U;Puxador Alça Piaui 192mm Preto Fosco - Torralba - 192MM
13624;13624-001-U;Puxador Alça Valvet 352MM Gold - Zen Design - Único
13633;13633-001-U;Puxador Coin M Gold Escovado - Zen Design - Único
13634;13634-001-U;Puxador Ponto Coin P Gold Escovado - Zen Design - Único
13639;13639-001-U;Puxador Alça Primus IL814 256mm Preto - Italyline - 256MM
13648;13648-001-U;Puxador Concha Meia Lua 64mm Armário ou Gaveta Dourado - Único
13672;13672-001-U;Puxador Alça Santa Fé Cruzado 192MM Níquel Escovado - Zen Design - 192MM
13678;13678-001-U;Puxador Meia Lua Concha 64mm Armário ou Gaveta Preto Fosco - Único
13679;13679-001-U;Puxador Ponto Seixo G Dourado - Zen Design - G
13680;13680-001-U;Puxador Ponto Seixo P Branco - Zen Design - Único
13681;13681-001-U;Puxador Ponto Seixo G Branco - Zen Design - Único
13682;13682-001-U;Puxador Ponto Sorento Granado Preto - Zen Design - Ponto
13695;13695-001-U;Puxador Concha Vivaro 223 Concha 96mm Dourado - Italyline - 96MM
13700;13700-001-U;Puxador Alça Bali com Osso 16mm Dourado - Zen Design - 16MM
13701;13701-001-U;Puxador Sobrepor Nina Reto 200MM Fosco - Torralba - 144MM
13723;13723-001-U;Puxador Alça Laos 192mm Dourado - Torralba - 192MM
13724;13724-001-U;Puxador Alça Laos 192mm Preto fosco - Torralba - 192MM
13725;13725-001-U;Puxador Alça Arezzo 32mm Preto Fosco - Torralba - 32MM
13726;13726-001-U;Puxador Ponto Naico Dourado - Torralba - Ponto
13727;13727-001-U;Puxador Ponto Naico Preto Fosco - Torralba - Ponto
13728;13728-001-U;Puxador Sobrepor Nina Reto 100MM Branco - Torralba - 90MM
13729;13729-001-U;Puxador Sobrepor Nina Reto 100MM Fosco - Torralba - 90MM
13730;13730-001-U;Puxador Sobrepor Nina Reto 100MM Bronze - Torralba - 90MM
13735;13735-001-U;Puxador Ponto Hund Couro Dior Níquel Escovado - Torralba - Ponto
13736;13736-001-U;Puxador Ponto Hund 2878 Couro Bege Niquel Escovado - Torralba - Único
13741;13741-001-U;Puxador Ponto Hund 2878 Couro Dior Dourado - Torralba - Único
13760;13760-001-U;Puxador Alça Oeiras 1687 64MM Niquel Escovado - Torralba - Único
13761;13761-001-U;Puxador Alça Oeiras 1689 128MM  Niquel Escovado -Torralba - Único
13763;13763-001-U;Puxador Alça Zigrinato IL1580 400mm Dourado - Italyline - 400MM
13764;13764-001-U;Puxador Alça Zigrinato IL 1590 128mm Dourado - Italyline - 128MM
13765;13765-001-U;Puxador Alça Zigrinato il1590 128mm Grafite - Italyline - 128MM
13767;13767-001-U;Puxador Alça Zigrinato il1590 192mm Dourado - Italyline - 192MM
13776;13776-001-U;Puxador Alça Liveri IL950 160MM Dourado Fosco - Italyline - 160MM
13788;13788-001-U;Cabide Nuvem 50MM Escovado - Jador - Único
13808;13808-001-U;Puxador Embutir Smart 160mm Dourado - Zen Design - 160MM
13811;13811-001-U;Cabide Nuvem 50MM Preto Opaco - JADOR - Único
13812;13812-001-U;Cabide Nuvem 30mm Preto Opaco - Jador - Único
13813;13813-001-U;Puxador Alça Estrela 256mm Gold Escovado - Jador - 256MM
13814;13814-001-U;Puxador Alça Estrela 384mm Gold Escovado - Jador - 384MM
13825;13825-001-U;Puxador Ponto Ball 30MM Cromado - Jador - Único
13826;13826-001-U;Puxador Ponto Jupiter 35MM Gold Opaco - Jador - Único
13845;13845-001-U;Puxador Embutir Taglia 2703 128mm Preto - Torralba - 128MM
13847;13847-001-U;Puxador Alça Piaui 96mm Dourado - Torralba - 96MM
13849;13849-001-U;Puxadores Para Portas Duplo Estrela 256MM Gold Opaco - Jador - Único
13853;13853-001-U;Puxador Alça Primus IL814 64mm Dourado Fosco - Italyline - 64MM
13854;13854-001-U;Puxador Alça Primus IL814 64mm Escovado - Italyline - 64MM
13855;13855-001-U;Puxador Alça Primus IL814 64mm Preto - Italyline - 64MM
13856;13856-001-U;Puxador Alça Primus IL814 96mm Escovado - Italyline - 96MM
13857;13857-001-U;Puxador Alça Primus IL814 96mm Preto Fosco - Italyline - 96MM
13858;13858-001-U;Puxador Alça Primus IL814 128mm Escovado - Italyline - 128MM
13859;13859-001-U;Puxador Alça Primus IL814 192mm Escovado - Italyline - 192MM
13860;13860-001-U;Puxador Alça Primus IL814 384mm Escovado - Italyline - 384MM
13862;13862-001-U;Puxador Ponto Hund Couro Bege Cromado - Torralba - Ponto
13863;13863-001-U;Puxador Ponto Hund Couro Branco Cromado - Torralba - Ponto
13864;13864-001-U;Puxador Alça Post Cobre 2885 192MM Couro Marron - Torralba - 288MM
13865;13865-001-U;Puxador Alça Norbello IL1740 224MM Dourado Fosco - Italyline - 224MM
13875;13875-001-U;Puxador Alça Bali 64mm Dourado - Zen Design - 64MM
13879;13879-001-U;Puxador Ponto Disk G Rose - Zen Design - Único
13880;13880-001-U;Puxador Ponto Diamante 30MM Gold Opaco - Jador - Único
13895;13895-001-U;Puxador Alça Elemento G Escovado - Zen Design - G
13905;13905-001-U;Puxador Alça Phenix 320MM Cromado - Zen Design - 320MM
13910;13910-001-U;Puxador Ponto Zigrinato il1580 25x28MM  Dourado- Italyline - Ponto
13922;13922-001-U;Puxador Ponto Zigrinato il1570 1furo Preto - Italyline - Ponto
13923;13923-001-U;Puxador Alça Zigrinato il1570 160mm Dourado - Italyline - 160MM
13924;13924-001-U;Puxador Ponto Galaxia 30MM Gold Escovado - Jador - Único
13925;13925-001-U;Puxador Ponto Jupiter 35MM Gold Escovado - Jador - Único
13939;13939-001-U;Puxador Alça Ken 128MM Escovado - Zen Design - 128MM
13940;13940-001-U;Puxador Concha Grenade 64mm 1753 Bronze - Torralba - 64MM
13957;13957-001-U;Puxador Ponto Galaxia 30MM Red Gold Opaco - Jador - Único
13994;13994-001-U;Puxador Alça Bang 1833 128MM Dourado - Torralba - Único
14001;14001-001-U;Puxador Alça Traso 128MM Níquel Escovado - Zen Design - 128MM
14015;14015-001-U;Puxador  Ponto Jalapa Quadrado 592 G Dourado - Torralba - Único
14017;14017-001-U;Puxador Ponto Seixo G Bronze - Zen Design - G
14018;14018-001-U;Puxador Ponto Seixo P Bronze - Zen Design - P
14032;14032-001-U;Puxador Alça Zigrinato il1580 128mm Preto Fosco - Italyline - 128MM
14033;14033-001-U;Puxador Alça Zigrinato il1580 160mm Preto - Italyline - 160MM
14034;14034-001-U;Puxador Alça Zigrinato il1580 224mm Preto - Italyline - 224MM
14035;14035-001-U;Puxador Alça Zigrinato IL1580 288mm Preto - Italyline - 288MM
14036;14036-001-U;Puxador Alça Zigrinato IL1580 400mm Preto - Italyline - 400MM
14037;14037-001-U;Puxador Ponto Zigrinato il1580 25x28MM Preto - Italyline - Ponto
14038;14038-001-U;Puxador Sobrepor Atenas 150mm Bronze - Torralba - 90MM
14039;14039-001-U;Puxador Concha Aniela 64mm Bronze - Torralba - 64MM
14041;14041-001-U;Puxador Alça Oeiras 128mm Bronze - Torralba - 128MM
14042;14042-001-U;Puxador Alça Oeiras 256mm Bronze - Torralba - 256MM
14044;14044-001-U;Puxador Alça Box 144mm Gold - Zen Design - 144MM
14057;14057-001-U;Puxador Alça Tellus 224mm Gold Escovado - Zen Design - 224MM
14069;14069-001-U;Puxador Alça Piaui 128mm Bronze - Torralba - 128MM
14070;14070-001-U;Puxador Alça Piaui 352mm Bronze - Torralba - 352MM
14073;14073-001-U;Puxador Alça Oeiras 1687 64MM Cromado - Torralba - Único
14086;14086-001-U;Puxador Ponto Grenade 1764 Bronze - Torralba - Ponto
14087;14087-001-U;Puxador Ponto Oregon 195 Bronze -Torralba - Único
14088;14088-001-U;Puxador Alça Grenade 128mm Bronze - Torralba - 128MM
14089;14089-001-U;Puxador Alça Grenade 1765 64mm Bronze - Torralba - 64MM
14090;14090-001-U;Puxador Ponto Vernon Bronze - Torralba - Ponto
14091;14091-001-U;Puxador Alça Traso 32mm Cromado - Zen Design - 32MM
14094;14094-001-U;Puxador Alça Oeiras 192mm Bronze - Torralba - 192MM
14106;14106-001-U;Puxador Ponto Dharma 32MM Cromado - Zen Design - Ponto
14119;14119-001-U;Puxador Alça Tellus 224mm Dourado Matte - Zen Design - 224MM
14122;14122-001-U;Cabide Nuvem 50MM Gold Opaco - Jador - Único
14136;14136-001-U;Puxador Embutir New Tondo  Dourado Matte - Zen Design - Único
14139;14139-001-U;Puxador Meia Lua Paio Gold - Zen Design - Ponto
14140;14140-001-U;Puxador Ponto Sorento Liso Cromado Zen Design - Ponto
14141;14141-001-U;Puxador Ponto Sorento Granado Gold Escovado - Zen Design - Ponto
14142;14142-001-U;Puxador Ponto Sorento Granado Gold - Zen Design - Ponto
14143;14143-001-U;Puxador Concha Sirius 32mm Gold - Zen Design - Único
14144;14144-001-U;Puxador Alça Phenix 64MM Branco - Zen Design - 64MM
14147;14147-001-U;Puxador Ponto Lotus 16MM Gold - Zen Design - 16MM
14148;14148-001-U;Puxador Ponto Lotus 16MM Gold Escovado - Zen Design - 16MM
14149;14149-001-U;Puxador Alça Ken 320MM Escovado - Zen Design - 320MM
14150;14150-001-U;Puxador Alça Ken 320MM Branco - Zen Design - 320MM
14151;14151-001-U;Puxador Alça Ken 192MM Escovado - Zen Design - 192MM
14152;14152-001-U;Puxador Ponto Afro Gold Escovado - Zen Design - Ponto
14153;14153-001-U;Puxador Ponto Afro Gold - Zen Design - Ponto
14163;14163-001-U;Puxador Alça Arezzo 224mm Cromado - Torralba - 224MM
14164;14164-001-U;Puxador Ponto Seixo G Niquel Escovado - Zen Design - G
14173;14173-001-U;Puxador Alça Liveri IL950 Alça 224mm Escovado - Italyline - 224MM
14174;14174-001-U;Puxador Concha Aniela 64mm Cobre - Torralba - 64MM
14175;14175-001-U;Puxador Ponto Tucson 200 Cobre - Torralba - M
14198;14198-001-U;Puxador Alça Bang 1835 192MM Dourado - Torralba - Único
14213;14213-001-U;Puxador Ponto Valvet  Dourado Matte - Zen Design - Único
14234;14234-001-U;Puxador Concha Quebec 96mm Níquel Acetinado - Torralba - 96MM
14236;14236-001-U;Puxador Alça Ken 416MM Gold Escovado - Zen Design - Único
14251;14251-001-U;Puxador Alça Oeiras 64mm Bronze - Torralba - 64MM
14252;14252-001-U;Puxador Alça Oeiras 128mm Níquel Acetinado - Torralba - 128MM
14253;14253-001-U;Puxador Alça Oeiras 256mm Níquel Acetinado - Torralba - 256MM
14254;14254-001-U;Puxador Alça Oeiras 64mm Níquel Acetinado - Torralba - 64MM
14255;14255-001-U;Puxador Ponto Tucson 200 Níquel Acetinado - Torralba - M
14256;14256-001-U;Puxador Concha Grenade 64mm 1753 Níquel Acetinado - Torralba - 64MM
14257;14257-001-U;Puxador Alça Piaui 224mm Bronze - Torralba - 224MM
14258;14258-001-U;Puxador Ponto Oregon 195 Niquel Acetinado -Torralba - Único
14259;14259-001-U;Puxador Ponto Grenade 1764 Níquel Acetinado - Torralba - Ponto
14260;14260-001-U;Puxador Alça Oeiras 192mm Níquel Acetinado - Torralba - 192MM
14269;14269-001-U;Puxador Embutir Smart  160mm  Gold Escovado - Zen Design - 160MM
14278;14278-001-U;Puxador para Portas Tellus Maior Duplo 352mm Gold - Zen Design - Único
14289;14289-001-U;Puxador Ponto Bali Granado Bronze - Zen Design - Ponto
14294;14294-001-U;Puxador Ponto Hund Couro Bege Dourado - Torralba - Único
14310;14310-001-U;Puxador Ponto Orion 33x20MM Onix Escovado - Zen Design - 33X20MM
14313;14313-001-U;Puxador Ponto Valvet Cromado - Zen Design - Único
14314;14314-001-U;Puxador Ponto Valvet Bronze - Zen Design - Único
14315;14315-001-U;Puxador Ponto Valvet  Escovado - Zen Design - Único
14316;14316-001-U;Puxador Meia Lua Paio Escovado - Zen Design - Ponto
14317;14317-001-U;Puxador Meia Lua  Paio Bronze - Zen Design - Ponto
14319;14319-001-U;Puxador Ponto Seixo P Escovado - Zen Design - P
14320;14320-001-U;Puxador Ponto Seixo P Níquel Escovado - Zen Design - P
14321;14321-001-U;Puxador Ponto Seixo G Escovado - Zen Design - G
14330;14330-001-U;Puxador Ponto Acqua 38x38 Gold Escovado - Zen Design - Ponto
14365;14365-001-U;Puxador Meia Lua Paio Vecchio Mettalo - Zen Design - Ponto
14378;14378-001-U;Puxador Concha Meia Lua Paio 64mm Níquel Escovado - Zen Design - Único
14386;14386-001-U;Puxador Alça Libero Nuovo 96mm Níquel Acetinado - Torralba - 96MM
14388;14388-001-U;Puxador Concha Quebec 96mm Cobre - Torralba - 96MM
14390;14390-001-U;Puxador Alça Tecno 352MM Dourado -Zen Design - 352MM
14404;14404-001-U;Cabide Cereja 38MM Gold Escovado - Jador - Único
14405;14405-001-U;Cabide Creja 38MM Gold Opaco - Jador - Único
14406;14406-001-U;Cabide Cereja 38MM Preto Opaco - Jador - Único
14408;14408-001-U;Puxador Alça Primus IL814 96mm Dourado Fosco - Italyline - 96MM
14415;14415-001-U;Puxador Ponto Fune Couro Marrom Níquel Escovado - Zen Design - Único
14420;14420-001-U;Puxador Alça Ken Liso 640MM Preto - Zen Design - 640MM
14434;14434-001-U;Puxador Ponto Tucson 200 Branco - Torralba - Único
14436;14436-001-U;Puxador Ponto Zigrinato il1780 18x33mm Bronze Escovado - Italyline - Ponto
14437;14437-001-U;Puxador Alça Zigrinato IL1780 96MM Bronze Escovado - Italyline - 96MM
14439;14439-001-U;Puxador Alça Zigrinato il1780 160mm Bronze Escovado - Italyline - 160MM
14441;14441-001-U;Puxador Alça Zigrinato il1780 224mm Bronze Escovado - Italyline - 224MM
14447;14447-001-U;Puxador Ponto Ales 119 Dourado Fosco - Italyline - Ponto
14448;14448-001-U;Puxador para Portas DF905 800MM Dourado Matte - Italyline - Único
14449;14449-001-U;Puxador Para Porta Duplo 926 300MM Gold - Italyline - Único
14450;14450-001-U;Puxador para Porta DF926 600MM Gold - Zen Design - Único
14451;14451-001-U;Puxador Embutir Taglia 2711 384mm Preto Fosco - Torralba - 384MM
14454;14454-001-U;Puxador Sobrepor Atenas 200mm Dourado - Torralba - 200MM
14455;14455-001-U;Puxador Sobrepor Atenas 400mm Dourado - Torralba - 400MM
14456;14456-001-U;Puxador Sobrepor Atenas 200mm Preto Fosco - Torralba - 200MM
14457;14457-001-U;Puxador Sobrepor Atenas 400mm Preto Fosco - Torralba - 400MM
14458;14458-001-U;Puxador Sobrepor Atenas 200mm Bronze - Torralba - 200MM
14459;14459-001-U;Puxador Sobrepor Atenas 400mm Bronze - Torralba - 400MM
14461;14461-001-U;Puxador Alça Norbello il1740 128mm Dourado Fosco - Italyline - 128MM
14462;14462-001-U;Puxador Concha Plymouth Onix Escovado 80mm - Zen Design - Único
14470;14470-001-U;Puxador Concha Aniela 64mm Níquel Acetinado - Torralba - 64MM
14481;14481-001-U;Puxador Ponto Tucson 201 Níquel Acetinado - Torralba - G
14482;14482-001-U;Puxador Embutir Smart 64mm Gold Escovado - Zen Design - 64MM
14485;14485-001-U;Puxador Concha Venus 96MM Azul Baby - Jador - Único
14486;14486-001-U;Puxador Concha Venus 96MM Rosa Baby - Jador - Único
14497;14497-001-U;Puxador Ponto Seixo G Rose Escovado - Zen Design - Único
14504;14504-001-U;Puxador Alça Estrela 192MM Gold - Jador - 192MM
14505;14505-001-U;Puxador Alça Estrela 256mm Gold  - Jador - 256MM
14527;14527-001-U;Puxador Ponto Tucson 201 Cobre - Torralba - G
14528;14528-001-U;Puxador Ponto Oregon 195 Cobre - Torralba - Único
14529;14529-001-U;Puxador Alça Piaui 352mm Branco - Torralba - 352MM
14530;14530-001-U;Puxador Alça Piaui 224mm Branco - Torralba - 192MM
14531;14531-001-U;Puxador Alça Piaui 128mm Branco - Torralba - 128MM
14550;14550-001-U;Puxador Sobrepor Slim Sottile 160mm Dourado - Zen Design - Único
14551;14551-001-U;Puxador Alça Sottile 32MM Dourado -Zen Design - Único
14557;14557-001-U;Puxador Ponto Auri IL1690 37MM Dourado Fosco - Italyline - Único
14558;14558-001-U;Puxador Alça Auri IL1690 87x42MM Dourado Fosco -Italyline - Único
14566;14566-001-U;Puxador Alça Norbello il1740 192mm Dourado Fosco - Italyline - 192MM
14576;14576-001-U;Puxador ponto Borboleta Cromado - Jador - Único
14582;14582-001-U;Puxador Alça Tellus 224mm Gold - Zen Design - 224MM
14607;14607-001-U;Puxador Ponto Hund Couro Branco Níquel Escovado - Torralba - Ponto
14610;14610-001-U;Puxador Ponto Santa Fé Granado Ponto Níquel Escovado - Zen Design - Ponto
14642;14642-001-U;Puxador Alça Bang 128MM Preto Fosco - Torralba - Único
14656;14656-001-U;Puxador Para Portas Duplo Estrela 384MM Preto Opaco - Jador - Único
14660;14660-001-U;Puxador Alça Piaui 192mm Cromado - Torralba - 192MM
14676;14676-001-U;Cabide Nuvem 50MM Gold - Jador - Único
14677;14677-001-U;Cabide Nuvem 50MM Gold Escovado - Jador - Único
14678;14678-001-U;Puxador Ponto Cereja 38MM Escovado Opaco - Jador - Único
14679;14679-001-U;Puxador Ponto Cereja 38MM Escovado - Jador - Único
14686;14686-001-U;Puxador Alça Oeiras Armário 96MM Niquel Escovado - Torralba - Único
14687;14687-001-U;Puxador Alça Oeiras 1690 160MM Niquel Escovado - Torralba - Único
14688;14688-001-U;Puxador Alça Oeiras 1691 192MM Niquel Escovado - Torralba - Único
14689;14689-001-U;Puxador Alça Oeiras 224MM Niquel Escovado -Torralba - 224MM
14690;14690-001-U;Puxador Alça Oeiras 256MM Grafite -Zen Design - Único
14705;14705-001-U;Puxador Embutir Smart Gold 160mm - Zen Design - 160MM
14713;14713-001-U;Puxador Alça Piaui 160mm Cromado - Torralba - 160MM
14726;14726-001-U;Puxador Alça Estrela 448MM Gold Escovado - Jador - 448MM
14737;14737-001-U;Puxador Ponto Cereja 38MM Gold - Jador - Único
14738;14738-001-U;Puxador Concha Nozes 64MM Escovado - Jador - Único
14741;14741-001-U;Puxador Ponto Hund 2878 Couro Preto Metal Preto Fosco - Torralba - Único
14742;14742-001-U;Puxador Alça Piaui 96mm Preto - Torralba - 96MM
14774;14774-001-U;Puxador Ponto Tucson 201 Níquel Escovado - Torralba - G
14775;14775-001-U;Puxador Ponto Tucson 201 Cromado - Torralba - G
14788;14788-001-U;Puxador Alça Zigrinato il1570 128mm Dourado - Italyline - 128MM
14797;14797-001-U;Puxador Alça Liveri IL950 192mm Dourado Fosco - Italyline - Único
14802;14802-001-U;Puxador Duplo Estrela 256MM Gold Escovado - Jador - Único
14803;14803-001-U;Puxador Para Portas Duplo Estrela 256MM Gold - Jador - Único
14804;14804-001-U;Puxador Para Portas Duplo Estrela 256MM Cromado - Jador - Único
14807;14807-001-U;Puxador Alça Piaui 96mm Cromado - Torralba - 96MM
14808;14808-001-U;Puxador Alça Libero Nuovo 256mm Preto Fosco - Torralba - 256MM
14825;14825-001-U;Puxador Coin M Níquel Escovado - Zen Design - Único
14826;14826-001-U;Puxador Ponto Coin M Cromado - Zen Design - Único
14827;14827-001-U;Puxador Ponto Coin M Branco - Zen Design - Único
14828;14828-001-U;Puxador Ponto Coin P Dourado - Zen Design - Único
14829;14829-001-U;Puxador Ponto Coin P Gold - Zen Design - Único
14830;14830-001-U;Puxador Ponto Coin P Cromado - Zen Design - Único
14831;14831-001-U;Puxador Ponto Coin P Branco - Zen Design - Único
14833;14833-001-U;Puxador Embutir  Smart 160mm Preto -Zen Design - 160MM
14834;14834-001-U;Puxador Ponto Coin P Níquel Escovado - Zen Design - Único
14873;14873-001-U;Puxador Alça Bang 1835 256MM Dourado - Torralba - Único
14921;14921-001-U;Puxador Alça Ramo 64mm Dourado - Zen Design - 64MM
14922;14922-001-U;Puxador ponto Borboleta Rosa Baby - Jador - Único
14928;14928-001-U;Puxador Concha Kitten 64mm Dourado - Zen Design - 64MM
14937;14937-001-U;Puxador Alça Oeiras 1688 96MM Cromado - Torralba - Único
14938;14938-001-U;Puxador Alça Oeiras 1692 224MM Cromado - Torralba - Único
14939;14939-001-U;Puxador Alça Oeiras 1693 256MM Cromado - Torralba - Único
14940;14940-001-U;Puxador Alça Piaui 3265 96MM Niquel Escovado - Torralba - Único
14941;14941-001-U;Puxador Alça Piaui 3266 128MM Niquel Escovado - Torralba - Único
14942;14942-001-U;Puxador Alça Piaiu 160MM Niquel Escovado - Torralba - Único
14943;14943-001-U;Puxador Alça Piaui 3268 192MM Niquel Escovado - Torralba - Único
14945;14945-001-U;Puxador Alça Oeiras 1690 160MM Cromado - Torralba - Único
14974;14974-001-U;Puxador Embutir Dressa Piccolo Dourado Matte- Zen Design - Único
15037;15037-001-U;Puxador Alça Bang 1835 256MM Preto Fosco - Torralba - 256MM
15049;15049-001-U;Puxador Alça Traso 128MM Rose Escovado - Zen Design - 128MM
15124;15124-001-U;Puxador Alça Tecno 352MM Niquel Escovado - Zen Design - 352MM
15134;15134-001-U;Puxador Ponto Tucson 200 Prata Velho Escovado -Torralba - Único
15135;15135-001-U;Puxador Ponto Tucson Prata Velho Escovado Prata - Torralba - Único
15168;15168-001-U;Puxador Ponto Vizzini IL1650 32MM Dourado Fosco - Italyline - Único
15171;15171-001-U;Puxador Alça Auri IL1710 94x46 32MM Dourado Fosco - Italyline - Único
15172;15172-001-U;Puxador Alça Laces IL1790 192MM Dourado Fosco - Italyline - Único
15173;15173-001-U;Puxador Alça Laces IL1790 128MM Dourado Fosco - Italyline - Único
15174;15174-001-U;Puxador Ponto Avela 209 Cromado- Torralba - Único
15176;15176-001-U;Puxador  Ponto Sinnai IL808 30MM Ouro Real - Italyline - Único
15178;15178-001-U;Puxador Alça Traso 128MM Bronze - Zen Design - 128MM
15213;15213-001-U;Puxador Concha Eden 1791 64mm Niquel Acetinado - Torralba - Único
15214;15214-001-U;Puxador Alça Libero Nuovo 200mm Preto - Torralba - 200MM
15215;15215-001-U;Puxador Alça Libero Nuovo 1000mm Preto - Torralba - Único
15275;15275-001-U;Puxador Para Portas  Duplo Estrela 384MM Gold Opaco - Jador - Único
15374;15374-001-U;Puxador Para Portas Duplo DF926 300MM Dourado -Italyline - Único
15375;15375-001-U;Puxador Para Portas Duplo DF933 600MM Dourado Matte - Italyline - Único
15387;15387-001-U;Puxador Alça Bang 1835 192mm Preto -Torralba - 192MM
15398;15398-001-U;Puxador Alça Norbello IL1740 160MM Dourado Fosco - Italyline - 128MM
15401;15401-001-U;Puxador Para Porta Duplo 991 300MM Cobre -Italyline - Único
15424;15424-001-U;Puxador Alça Traso 32mm Preto - Zen Design - 32MM
15425;15425-001-U;Puxador Alça Traso 32mm Bronze - Zen Design - 32MM
15426;15426-001-U;Puxador Alça Traso 32mm Rose Escovado - Zen Design - 32MM
15427;15427-001-U;Puxador Alça Traso 32mm Gold - Zen Design - 32MM
15452;15452-001-U;Puxador Ponto Beetle Branco - Zen Design - Único
15485;15485-001-U;Puxador Zigrinato IL1580 288mm Dourado Matte - Italyline - Único
15496;15496-001-U;Puxador Sobrepor Citizen P 45 Graus Escovado - Zen Design - P
15531;15531-001-U;Puxador Alça Bloc 2172 64MM Dourado - Torralba - Único
15532;15532-001-U;Puxador Ponto Bloc 2171 32MM Dourado - Torralba - Único
15535;15535-001-U;Puxador Ponto Dexter 6022 39MM Dourado - Torralba - Único
15537;15537-001-U;Puxador Liveri IL950 Alça 288mm Cromado - Italyline - 288MM
15538;15538-001-U;Puxador Liveri IL950 Alça 288mm Escovado - Italyline - 288MM
15546;15546-001-U;Puxador Concha Kitten 64mm Preto - Zen Design - 64MM
15547;15547-001-U;Puxador Concha Kitten 64mm Gold Escovado - Zen Design - 64MM
15555;15555-001-U;Puxador para Portas Tellus Maior Duplo 352mm Preto - Zen Design - Único
15557;15557-001-U;Puxador para Portas Tellus Maior Duplo 352mm Gold Esc - Zen Design - Único
15587;15587-001-U;Puxador Concha Kitten 64mm Gold - Zen Design - 64MM
15588;15588-001-U;Puxador Concha Kitten 64mm Níquel Escovado - Zen Design - 64MM
15615;15615-001-U;Puxador Ponto Seixo G Gold Kit com 11 Unidades - G
15622;15622-001-U;Puxador Para Portas Tellus Maior Duplo 352mm Dourado - Zen Design - Único
15630;15630-001-U;Puxador Duplo Creta Gold 300MM - Zen Design - 300MM
15631;15631-001-U;Puxador Duplo Creta Gold Escovado 300MM - Zen Design - 300MM
15632;15632-001-U;Puxador Duplo Creta Dourado 700MM - Zen Design - 700MM
15633;15633-001-U;Puxador Duplo Creta Preto 700MM - Zen Design - 700MM
15634;15634-001-U;Puxador Ponto Seixo G Amalfi - Zen Design - G
15635;15635-001-U;Puxador Ponto Seixo G Giallo - Zen Design - G
15636;15636-001-U;Puxador Ponto Seixo G Damasco - Zen Design - G
15637;15637-001-U;Puxador Ponto Seixo G Menta - Zen Design - G
15638;15638-001-U;Puxador Ponto Seixo G Azaleia - Zen Design - G
15639;15639-001-U;Puxador Ponto Seixo G Fieno - Zen Design - G
15640;15640-001-U;Puxador Alça Ramo 64mm Azaleia - Zen Design - 64MM
15641;15641-001-U;Puxador Alça Ramo 64mm Menta - Zen Design - 64MM
15642;15642-001-U;Puxador Coin Miumiu M Amalfi - Zen Design - M
15643;15643-001-U;Puxador Coin Caracol M Menta - Zen Design - M
15644;15644-001-U;Puxador Coin Piupiu M Damasco - Zen Design - M
15645;15645-001-U;Puxador Pignatta M Piupiu Branco/Giallo - Zen Design - M
15646;15646-001-U;Puxador Pignatta Caracol M Rose/Azaleia - Zen Design - M
15647;15647-001-U;Puxador Pignatta Miumiu M Gold/Fieno - Zen Design - M
15648;15648-001-U;Puxador Ponto Bali Granado Mini - Zen Design - MINI
15649;15649-001-U;Puxador Ponto Bali Granado Mini Gold - Zen Design - MINI
15650;15650-001-U;Puxador Ponto Bali Granado Mini Gold Escovado - Zen Design - MINI
15651;15651-001-U;Puxador Ponto Budha P Gold - Zen Design - P
15652;15652-001-U;Puxador Ponto Budha P Dourado - Zen Design - P
15653;15653-001-U;Puxador Ponto Budha P Gold Escovado - Zen Design - P
15654;15654-001-U;Puxador Ponto Budha G Preto - Zen Design - G
15655;15655-001-U;Puxador Ponto Budha G Cromado - Zen Design - G
15656;15656-001-U;Puxador Ponto Budha P Níquel Escovado - Zen Design - P
15657;15657-001-U;Puxador Ponto Coin Avorio P Gold - Zen Design - P
15658;15658-001-U;Puxador Ponto Coin Avorio M Gold Escovado - Zen Design - M
15659;15659-001-U;Puxador Ponto Coin Avorio G Onix Escovado - Zen Design - G
15660;15660-001-U;Puxador Ponto Coin Avorio P Rose - Zen Design - P
15661;15661-001-U;Puxador Ponto Coin Avorio M Rose Escovado - Zen Design - M
15662;15662-001-U;Puxador Ponto Coin Avorio G Dourado Matte - Zen Design - G
15663;15663-001-U;Puxador Alça Cuccina Dourado/Preto - Zen Design - Único
15664;15664-001-U;Puxador Alça Cuccina Gold/Branco - Zen Design - Único
15665;15665-001-U;Puxador Alça Cuccina Gold Escovado/Cromado - Zen Design - Único
15666;15666-001-U;Puxador Ponto Cuccina Gold Escovado/Cromado - Zen Design - Único
15667;15667-001-U;Puxador Ponto Cuccina Dourado/Preto - Zen Design - Único
15668;15668-001-U;Puxador Ponto Cuccina Gold/Branco - Zen Design - Único
15669;15669-001-U;Puxador Ponto Cuccina Onix Escovado - Zen Design - Único
15670;15670-001-U;Puxador Alça Cuccina Onix Escovado - Zen Design - Único
15679;15679-001-U;Puxador Concha Shell 64mm Gold 21 Unidades - 64MM
15691;15691-001-U;Puxador Alça Tellus Wood 160mm Branco - Zen Design - 160MM
15703;15703-001-U;Puxador ponto Borboleta Escovado - Jador - Único
15711;15711-001-U;Puxador para Porta Duplo H Retangular 300MM Inox Polido - Único
15732;15732-001-U;Puxador Ponto Seixo P Rose Escovado - Zen Design - Único
15815;15815-001-U;Puxador Alça Sorento Liso 320MM Bronze - Zen Design - 320MM
15818;15818-001-U;Batente Magnético para Porta Inox Escovado 1688 - Único
15822;15822-001-U;Batente Magnético para Porta Cromado 118 - Único
15823;15823-001-U;Batente Magnético de Porta Inox Escovado 831 - Único
15824;15824-001-U;Puxador Alça Estrela 384MM Escovado - Jador - 384MM
15825;15825-001-U;Puxador Alça Estrela 448MM Escovado - Jador - 448MM
15853;15853-001-U;Cabide Nuvem 50MM Cromado - Jador - Único
15899;15899-001-U;Puxador Ponto Elefante Cristais SS10 Gold Opaco - Jador - Único
15900;15900-001-U;Puxador Ponto Gatinho Gold Opaco - Jador - Único
15901;15901-001-U;Puxador Ponto Buldogue Frances Black Silk - Jador - Único
15902;15902-001-U;Puxador Ponto Vira Lata Preto Opaco - Jador - Único
15903;15903-001-U;Puxador Ponto Pug Red Gold - Jador - Único
15904;15904-001-U;Puxador Ponto Lulu Gold Escovado - Jador - Único
15905;15905-001-U;Puxador Ponto Leao Gold Escovado - Jador - Único
15906;15906-001-U;Puxador Ponto Cobra Red Gold Escovado - Jador - Único
15907;15907-001-U;Puxador Ponto Onça Guepardo Gold -Jador - Único
15935;15935-001-U;Puxador Ponto Auri IL1700 35MM Dourado Fosco - Italyline - Único
15936;15936-001-U;Puxador Alça Auri IL1700 111X057MM Dourado Fosco - Italyline - Único
15941;15941-001-U;Puxador Alça Vizzini IL1770 64MM Dourado Fosco - Italyline - Único
15942;15942-001-U;Puxador Ponto Drito Quadrado IL2249 30x30 Dourado - Italyline - Único
15952;15952-001-U;Puxador Ponto Cálice 2925 32mm Dourado - Torralba - Único
15957;15957-001-U;Puxador Para Portas Duplo 904 Inox 304 Polido 30X30 600MM - Italyline - Único
15958;15958-001-U;Puxador para Porta DF905 300MM - Escovado - Único
15959;15959-001-U;Puxador Para Porta Duplo 905 Inox 304 Polido 30X15  400MM - Italyline - Único
15960;15960-001-U;Puxador Para Portas Duplo 926 Inox 304 Polido 300MM -Italyline - Único
15961;15961-001-U;Puxador Para Porta Duplo 926 Inox 304 Polido 40X10 600MM - Italyline - Único
15962;15962-001-U;Puxador Para Portas Duplo 933 Inox 304 Polido 30X10  300MM -Italyline - Único
15963;15963-001-U;Puxador Para Porta Duplo 933 Inox 304 Polido 30X10 400MM - Italyline - Único
15964;15964-001-U;Puxador Para Porta Duplo 933 Inox 304 Polido 30X10  600MM - Italyline - Único
15965;15965-001-U;Puxador Para Portas Duplo 992 Inox 202 Escovado 20X20 300MM - Italyline - Único
15966;15966-001-U;Puxador Para Portas Duplo 992 Inox 202 Polido 20X20 300MM - Italyline - Único
15982;15982-001-U;Puxador Alça Valvet 224MM Gold - Zen Design - 224MM
15997;15997-001-U;Puxador Alça Tellus Maior Granado 160mm Dourado - Zen Design - 160MM
16014;16014-001-U;Puxador Ponto Sinnai IL808 30MM Dourado Matte - Italyline - Único
16018;16018-001-U;Puxador para Porta DF905 300MM Preto Fosco - Italyline - Único
16023;16023-001-U;Puxador Alça Amalfi 96MM Preto - Torralba - Único
16024;16024-001-U;Puxador Alça Amalfi  192MM  Preto - Torralba - 192MM
16099;16099-001-U;Puxador Alça Zigrinato IL1580 160mm Dourado Matte - Italyline - Único
16101;16101-001-U;Puxador Para Portas Duplo DF926 600MM Dourado Matte - Italyline - Único
16107;16107-001-U;Cabideiro Seixo G Gold - Zen Design - Único
16120;16120-001-U;Puxador Alça Liveri IL950 96MM Escovado - Italyline - Único
16121;16121-001-U;Puxador Alça Tellus Liso 448MM Preto -Zen Design - 448MM
16141;16141-001-U;Puxador Ponto Zigrinato il1580 25x25MM Dourado Matte - Italyline - Único
16156;16156-001-U;Puxador Ponto Naico 206 Cromado - Torralba - Único
16157;16157-001-U;Puxador Ponto Avelã 209 Bronze - Torralba - Único
16158;16158-001-U;Puxador Ponto Avelã 210 Bronze - Torralba - Único
16159;16159-001-U;Puxador Sobrepor Phenix 448MM Cromado - Zen Design - 448MM
16160;16160-001-U;Puxador Ponto Cálice 2925 32mm Cromado - Torralba - Único
16161;16161-001-U;Puxador Ponto Trelis 240 18MM Dourado - Torralba - Único
16162;16162-001-U;Puxador Ponto Trelis 241 28MM Dourado - Torralba - Único
16163;16163-001-U;Puxador Ponto Trelis 243 58MM Dourado - Torralba - Único
16164;16164-001-U;Puxador Alça Zigrinato IL1580 400mm Dourado Matte - Italyline - 400MM
16165;16165-001-U;Puxador Ponto Radial 2070 Preto - Torralba - Único
16166;16166-001-U;Puxador Ponto Radial 2071 16MM Preto - Torralba - Único
16167;16167-001-U;Puxador Ponto Radial 2073 64MM Preto - Torralba - Único
16168;16168-001-U;Puxador Ponto Radial 2070 Dourado - Torralba - Único
16169;16169-001-U;Puxador Ponto Radial 2071 16MM Dourado - Torralba - Único
16170;16170-001-U;Puxador Ponto Radial 2073 64MM Dourado - Torralba - Único
16171;16171-001-U;Puxador Ponto Bloc 2169 Preto - Torralba - Único
16172;16172-001-U;Puxador Ponto Bloc 2171 32MM Preto - Torralba - Único
16173;16173-001-U;Puxador Alça Bloc 2172 64MM Preto - Torralba - 64MM
16174;16174-001-U;Puxador Alça Bloc 2174 128mm Preto - Torralba - Único
16175;16175-001-U;Puxador Ponto Bloc 2169 Dourado - Torralba - Único
16176;16176-001-U;Puxador Alça Ancara 2186 224MM Dourado - Torralba - Único
16177;16177-001-U;Puxador Alça Ancara 2182 96MM Preto - Torralba - Único
16178;16178-001-U;Puxador Alça Ancara Preto 2184 160MM - Torralba - Único
16179;16179-001-U;Puxador Alça Ancara Preto 2186 224MM - Torralba - Único
16180;16180-001-U;Puxador Alça Gabiano 2137 64MM Dourado - Torralba - 64MM
16181;16181-001-U;Puxador Alça Gabiano 2139 128MM  Dourado - Torralba - Único
16182;16182-001-U;Puxador Alça Gabiano 2141 192MM Dourado - Torralba - Único
16183;16183-001-U;Puxador Ponto Escudo 4143 16MM Dourado - Torralba - Único
16184;16184-001-U;Puxador Ponto Escudo 4143 16MM Preto - Torralba - Único
16185;16185-001-U;Puxador Ponto Escudo 4143 16MM Cromado - Torralba - Único
16186;16186-001-U;Puxador Ponto Escudo 4143 16MM Niquel Escovado - Torralba - Único
16194;16194-001-U;Puxador Concha Plymouth 80MM Ottone Vechio - Zen Design - Único
16195;16195-001-U;Puxador Ponto Beetle Com Base Granada Ottone Vecchio - Zen Design - Único
16199;16199-001-U;Puxador Ponto Radial 2072 32MM Preto - Torralba - Único
16200;16200-001-U;Puxador Ponto Radial 2072 32MM  Dourado -Torralba - Único
16201;16201-001-U;Puxador Alça Ancara 2182 96MM Niquel Escovado - Torralba - Único
16202;16202-001-U;Puxador Alça 2186 224MM  Ancara Niquel Escovado -Torralba - Único
16203;16203-001-U;Puxador Alça Ancara 2184 160MM Niquel Escovado -Torralba - Único
16204;16204-001-U;Puxador Alça Ancara 2182 96mm Dourado - Torralba - 96MM
16205;16205-001-U;Puxador Alça Ancara 2184 160MM Dourado - Torralba - Único
16206;16206-001-U;Puxador Alça Bloc 2174 128MM Dourado - Torralba - Único
16207;16207-001-U;Puxador Para Portas Amalfi Dulo 800MM Dourado -Torralba - Único
16208;16208-001-U;Puxador Para Portas Flat Duplo 400MM Dourado - Torralba - Único
16209;16209-001-U;Puxador Para Portas Flat Duplo 600MM Dourado - Torralba - Único
16210;16210-001-U;Puxador Para Portas Flat Duplo 800MM Dourado - Torralba - Único
16217;16217-001-U;Puxador Ponto Avelã Cromado  - Torralba - Único
16218;16218-001-U;Puxador Ponto City 6026 34mm Dourado - Torralba - Único
16219;16219-001-U;Puxador Ponto City 6024 24mm Dourado - Torralba - Único
16222;16222-001-U;Puxador Ponto Zigrinato il1580 25x25  Dourado Fosco - Italyline - Único
16236;16236-001-U;Puxador Ponto Orion 80x31MM Rose - Zen Design - Único
16237;16237-001-U;Puxador Ponto Sorento Liso Bronze - Zen Design - Único
16238;16238-001-U;Puxador Alça Tecno 224MM Dourado Matte - Zen Design - 224MM
16239;16239-001-U;Puxador Alça Tecno 128MM Niquel Escovado - Zen Design - 128MM
16240;16240-001-U;Puxador Alça Tecno 224MM Niquel Escovado - Zen Design - 224MM
16241;16241-001-U;Puxador Alça Tellus Liso 448MM Dourado Matte - Zen Design - 448MM
16243;16243-001-U;Puxador Embutir Inca 300mm Cromo - Zen Design - 300MM
16277;16277-001-U;Puxador Ponto Auri IL1710 50MM Dourado Fosco - Italyline - Único
16283;16283-001-U;Puxador Alça Zigrinato IL1580 128mm Dourado Matte - Italyline - Único
16284;16284-001-U;Puxador Alça Zigrinato IL1580 224mm Dourado Matte - Italyline - Único
16285;16285-001-U;Puxador Alça Zigrinato IL1580 500MM Dourado Matte - Italyline - 500MM
16289;16289-001-U;Puxador Alça Laces IL1790 96MM Dourado Fosco - Italyline - Único
16290;16290-001-U;Puxador Alça Laces IL1790 32X27MM Dourado Fosco - Italyline - Único
16291;16291-001-U;Puxador Alça IL1650 64MM Dourado Fosco - Italyline - Único
16292;16292-001-U;Puxador Alça Vizzini IL1670 64MM Dourado Matte - Italyline - Único
16293;16293-001-U;Puxador Ponto Vizzini IL1670 32MM Dourado Matte -Italyline - Único
16303;16303-001-U;Puxador Alça Primus IL814 160mm Dourado Matte - Italyline - Único
16368;16368-001-U;Puxador Para Portas Duplo DF933 300MM Inox 202 Preto -Italyline - Único
16384;16384-001-U;Puxador Para Portas Duplo DF933 600MM Inox 202 Escovado - Italyline - Único
16385;16385-001-U;Puxador Para Portas Duplo DF933 400MM Inox 202 Escovado  - Italyline - Único
16386;16386-001-U;Puxador Para Portas Duplo DF933 300MM Inox 202 Escovado- Italyline - Único
16412;16412-001-U;Puxador para Portas Duplo DF905 600MM Inox 202 Escovado - Italyline - Único
16413;16413-001-U;Puxador para Portas Duplo DF905 800MM Inox 202 Escovado  - Italyline - Único
16414;16414-001-U;Puxador Alça Liveri IL950 128mm Dourado - Italyline - 128MM
16415;16415-001-U;Puxador Alça Liveri IL950 224mm Dourado Fosco  - Italyline - Único
16433;16433-001-U;Puxador Alça Rezzo IL811 128MM Inox Polido/Cromado-Italyline - 128MM
16471;16471-001-U;Puxador Liveri IL950 Alça 392MM Dourado Matte - Italyline - 392MM
16473;16473-001-U;Puxador Alça Rezzo IL811 224MM Dourado Matte - Italyline - Único
16491;16491-001-U;Puxador Alça Liveri IL950 392mm Cromado - Italyline - Único
16524;16524-001-U;Puxador para Porta DF905 600MM  Inox Preto - Italyline - Único
16531;16531-001-U;Puxador para Porta DF905 800MM Inox 202 Preto - Italyline - Único
16533;16533-001-U;Puxador Para Portas Duplo DF933 600MM Inox 202 Preto  - Italyline - Único
16645;16645-001-U;Puxador ponto Borboleta Gold Escovado - Jador - Único
